0,45.493416,-73.5533535
116,45.6209,-73.8728
120,45.5115,-73.5683
126,45.4825,-73.5933
133,45.507013,-73.7014355
142,45.6739,-73.5924
152,45.689,-73.8671
156,45.4487,-73.8167
162,45.61151363,-73.6812162
175,45.6225,-73.6949
182,45.5362,-73.4721
194,45.5514,-73.6116
199,45.5264235,-73.7162395
203,45.5716425,-73.540779
207,45.572033,-73.540564
211,45.5872955,-73.6334075
215,45.545227,-73.6387875
219,45.545379,-73.639114
223,45.5886655,-73.634753
231,45.570866,-73.601118
235,45.5376935,-73.5926205
240,45.657364,-73.5567475
244,45.657364,-73.5567475
252,45.5727955,-73.605377
260,45.5575645,-73.5640325
270,45.5785445,-73.6187515
276,45.544641,-73.631662
281,45.56501,-73.587284
286,45.5313,-73.7091
291,45.560013,-73.5717775
297,45.574089,-73.5393525
302,45.5779,-73.5304
307,45.544899,-73.458619
311,45.4432925,-73.681215
333,45.4876,-73.6045
339,45.5049,-73.7142
344,45.37805,-73.60612
351,45.5266745,-73.676753
357,45.5278205,-73.6810005
369,45.3168,-73.8659
377,45.5217,-73.6393
384,45.5438,-73.5927
392,45.536933,-73.597957
398,45.4947175,-73.5772975
414,45.5694,-73.6221
419,45.5529655,-73.574393
423,45.544862,-73.56954
437,45.498,-73.5472
442,45.51744165,-73.39908413
450,45.5467,-73.6718
454,45.497811,-73.511784
459,45.4876,-73.6045
469,45.549768,-73.627625
473,45.5103375,-73.565985
489,45.4406875,-73.431346
495,45.4683,-73.8565
503,45.4501,-73.8659
576,45.5579505,-73.72288
585,45.4487,-73.8167
630,45.4805,-73.5554
657,45.5131075,-73.6329345
660,45.7774,-73.4252
685,45.4001,-74.0325
694,45.52107,-73.659827
700,45.5161895,-73.551594
706,45.586385,-73.541165
712,45.632,-73.5075
717,45.554185,-73.565074
723,45.4858,-73.7433
730,45.4487,-73.8167
737,45.61629,-73.6756
760,45.5585,-73.5386
765,45.494764,-73.561355
772,45.5026935,-73.5562975
777,45.512001,-73.555172
784,45.4952395,-73.563248
788,45.96198647,-73.75786596
809,45.3702,-74.1249
814,45.5864,-73.6082
820,45.4871235,-73.5807395
873,45.4674,-73.4832
878,45.4374895,-73.432507
883,45.48786,-73.5640545
916,45.5354,-73.6061
920,45.516766,-73.5467255
956,45.3691,-73.7216
961,45.3691,-73.7216
993,45.4924,-73.5009
1017,45.4906,-73.3991
1027,45.54599,-73.6270755
1031,45.5467,-73.6718
1035,45.5528,-73.6411
1039,45.430124,-73.6109
1045,45.382752,-73.5501075
1052,45.5423615,-73.5656065
1060,45.6739,-73.5924
1070,45.5115,-73.5683
1092,45.485893,-73.55292
1100,45.41016,-73.464673
1105,45.5254035,-73.5489695
1113,45.526941,-73.578862
1117,45.5514,-73.6116
1121,45.5302,-73.6327
1125,45.6225,-73.6949
1151,45.5263,-73.6649
1157,45.72224,-73.461392
1173,45.75419548,-73.63949022
1178,45.7424,-73.6509
1190,45.5426625,-73.590164
1196,45.55266,-73.611887
1200,45.5886555,-73.731056
1204,45.5885485,-73.731048
1208,45.4679,-73.7748
1216,45.1956,-73.5695
1225,45.479067,-73.669178
1229,45.7395,-73.4588
1234,45.5302,-73.6327
1240,45.1082,-74.0451
1249,45.600847,-73.737228
1255,45.3867015,-73.533844
1265,45.3655,-74.312
1279,45.4695055,-73.5849455
1305,45.5650495,-73.7642705
1318,45.67036912,-73.49412777
1323,45.3655,-74.312
1348,45.55280683,-73.5954237
1354,45.77,-73.6049
1366,45.3668,-73.5492
1376,45.387832,-73.563682
1383,45.3168,-73.8659
1447,45.438,-73.6215
1456,45.438,-73.6215
1464,45.5302,-73.5831
1473,45.4882235,-73.588825
1496,45.4929545,-73.575458
1512,45.5083925,-73.5785215
1518,45.5354,-73.6061
1524,45.5354,-73.6061
1529,45.55392,-73.565343
1535,45.714,-73.5357
1541,45.5313,-73.7091
1563,45.77,-73.6049
1567,45.3691,-73.7216
1571,45.7424,-73.6509
1577,45.7424,-73.6509
1583,45.3702,-74.1249
1593,45.483029,-73.579336
1603,45.6043,-73.5178
1616,45.4001,-74.0325
1629,45.632,-73.5075
1636,45.4001,-74.0325
1640,45.2409,-74.1098
1644,45.4676265,-73.569643
1654,45.4402,-73.6747
1663,45.6442,-73.8448
1667,45.7774,-73.4252
1676,45.5064505,-73.687062
1682,45.3702,-74.1249
1688,45.8834,-73.2825
1702,45.5302,-73.5831
1706,45.489228,-73.618847
1720,45.554538,-73.657275
1750,45.4487,-73.8167
1858,45.4487,-73.8167
1872,45.4501,-73.8659
1893,45.4487,-73.8167
1899,45.4487,-73.8167
1906,45.4487,-73.8167
1913,45.364894,-73.508107
1918,45.364211,-73.5094
1953,45.36414,-73.5096825
1969,45.4487,-73.8167
1976,45.489713,-73.762949
1983,45.4683,-73.8565
1990,45.5878925,-73.586916
2003,45.5176695,-73.5589755
2007,45.498,-73.5472
2035,45.448326,-73.4351275
2040,45.543214,-73.620614
2044,45.4624,-73.48315
2084,45.4424,-73.4231
2108,45.55260896,-73.54815777
2115,45.5585,-73.6147265
2127,45.5694,-73.6221
2132,45.5181,-73.4576
2142,45.403559,-73.650955
2201,45.542854,-73.5662995
2215,45.481752,-73.778607
2221,45.433697,-73.846443
2233,45.4679,-73.7748
2237,45.5573,-73.7725
2247,45.4424,-73.4231
2259,45.385995,-73.533809
2264,45.5583,-73.5701
2270,45.559184,-73.568833
2276,45.5583,-73.5701
2281,45.565391,-73.588553
2288,45.558057,-73.565637
2294,45.5583,-73.5701
2304,45.559871,-73.571219
2310,45.556885,-73.562012
2325,45.557232,-73.562682
2332,45.5583,-73.5701
2347,45.5583,-73.5701
2367,45.562636,-73.579649
2381,45.5583,-73.5701
2387,45.549067,-73.537574
2397,45.5594625,-73.570096
2412,45.549067,-73.537574
2442,45.5583,-73.5701
2447,45.5583,-73.5701
2478,45.5627135,-73.579923
2484,45.5627135,-73.579923
2498,45.6209,-73.8728
2523,45.553378,-73.545353
2528,45.3655,-74.312
2532,45.3655,-74.312
2536,45.3655,-74.312
2543,45.3655,-74.312
2550,45.5442,-73.5468
2572,45.3655,-74.312
2581,45.52472,-73.6688165
2586,45.530091,-73.6157985
2611,45.496186,-73.5816005
2616,45.496186,-73.5816005
2621,45.682194,-73.917105
2629,45.4062,-73.9456
2635,45.1082,-74.0451
2641,45.4001,-74.0325
2645,45.5057,-73.555
2657,45.500412,-73.58297
2685,45.5084,-73.8075
2716,45.438,-73.6215
2731,45.4334,-73.8659
2739,45.4683,-73.8565
2755,45.489258,-73.5833285
2814,45.4001,-74.0325
2821,45.722756,-73.668288
2848,45.3702,-74.1249
2859,45.504735,-73.58007
2879,45.4062,-73.9456
2897,45.438,-73.6215
2902,45.5606,-73.6584
2924,45.4001,-74.0325
2936,45.484752,-73.559872
2947,45.5438,-73.5927
2971,45.4001,-74.0325
2976,45.7424,-73.6509
2980,45.4414,-73.7749
2985,45.7424,-73.6509
2994,45.5166295,-73.6430435
3066,45.3691,-73.7216
3077,45.3655,-74.312
3083,45.4168,-73.4992
3094,45.5424465,-73.5925145
3098,45.4414,-73.4561
3110,45.5168,-73.6072
3124,45.6414052,-73.55880804
3148,45.5563025,-73.6722395
3171,45.3655,-74.312
3179,45.4971545,-73.6765185
3183,45.552197,-73.583107
3207,45.323907,-73.715808
3226,45.6290435,-73.7345885
3230,45.5549975,-73.545809
3235,45.7774,-73.4252
3239,45.7774,-73.4252
3243,45.7774,-73.4252
3247,45.4594,-73.5501
3259,45.4796585,-73.551842
3266,45.4501,-73.8659
3282,45.51376,-73.833665
3294,45.5284,-73.8509
3317,45.4487,-73.8167
3322,45.4414,-73.7749
3335,45.4592605,-73.311815
3342,45.4001,-74.0325
3354,45.551152,-73.89684
3358,45.4858,-73.7433
3615,45.4402,-73.6747
3620,45.5354,-73.6061
3626,45.5438,-73.5927
3631,45.5438,-73.5927
3646,45.4001,-74.0325
3650,45.53931352,-73.84599489
3665,45.431128,-73.608685
3672,45.38650622,-73.53322686
3679,45.462711,-73.564501
3691,45.3865845,-73.533783
3697,45.7774,-73.4252
3701,45.7774,-73.4252
3705,45.3994,-73.6506
3715,45.567727,-73.73137
3731,45.5186,-73.5545
3740,45.4414,-73.4561
3751,45.661598,-73.763124
3763,45.4546,-73.5985
3780,45.689,-73.8671
3786,45.5176,-73.5804
3792,45.5176,-73.5804
3796,45.3168,-73.8659
3803,45.5307,-73.5547
4133,45.5779,-73.5304
4139,45.3526,-73.7305
4145,45.47879723,-73.38471449
4162,45.438,-73.6215
4168,45.5171,-73.7363
4199,45.6095,-73.8378
4209,45.6168,-73.7825
4222,45.3526,-73.7305
4227,45.067931,-73.583788
4232,45.5049,-73.7142
4253,45.6095,-73.8378
4301,45.689,-73.8671
4307,45.521351,-73.661923
4313,45.505417,-73.555127
4327,45.6095,-73.8378
4338,45.4487,-73.8167
4368,45.5181,-73.4576
4455,45.3168,-73.8659
4461,45.4062,-73.9456
4465,45.4001,-74.0325
4470,45.4906,-73.3991
4480,45.3702,-74.1249
4487,45.683297,-73.734215
4492,45.747922,-73.650556
4516,45.44240801,-73.88064152
4543,45.8501,-73.4825
4547,45.1956,-73.5695
4551,45.7275,-73.7062
4556,45.5057,-73.555
4563,45.503716,-73.558484
4569,45.657135,-73.5565645
4573,45.511986,-73.56965
4580,45.6168,-73.6492
4592,45.5063,-73.6297
4599,45.4973,-73.4676
4620,45.6225,-73.6949
4631,45.4805,-73.5554
4636,45.498,-73.5472
4640,45.452875,-73.547386
4721,45.4866165,-73.554673
4733,45.3668,-73.5659
4739,45.5946,-73.2283
4743,45.4001,-73.5825
4750,45.4001,-74.0325
4771,45.4865,-73.4622
4781,45.578107,-73.617421
4791,45.3168,-73.7492
4802,45.6289785,-73.502225
4811,45.4859505,-73.568513
4818,45.1082,-74.0451
4834,45.5793,-73.7367
4839,45.77,-73.6049
4844,45.4487,-73.8167
4863,45.5115,-73.5683
4883,45.5442,-73.5468
4898,45.4334,-73.8659
4903,45.5170805,-73.8479415
4911,45.5291135,-73.6036385
4923,45.572005,-73.673989
4928,45.720384,-73.652773
4943,45.1956,-73.5695
4949,45.431471,-73.612385
4966,45.5297545,-73.6038965
4977,45.2702,-74.0482
5039,45.3168,-73.8659
5052,45.1529,-73.1636
5060,45.5895005,-73.550669
5066,45.522827,-73.5620725
5071,45.5186,-73.5545
5081,45.4752,-73.6961
5098,45.74558737,-73.6018239
5103,45.3168,-73.8659
5109,45.77,-73.6049
5114,45.5334,-73.2825
5133,45.4001,-74.0325
5139,45.520935,-73.558548
5148,45.5585,-73.5386
5154,45.496471,-73.565506
5161,45.498,-73.5472
5166,45.498,-73.5472
5171,45.52619697,-73.39740699
5175,45.6095,-73.8378
5185,45.6213,-73.7398
5189,45.4334,-73.8659
5206,45.1956,-73.5695
5211,45.591,-73.4361
5216,45.4906,-73.3991
5238,45.7424,-73.6509
5243,45.3526,-73.7305
5247,45.4414,-73.7749
5251,45.8501,-73.4825
5261,45.3632735,-73.5128535
5270,45.1956,-73.5695
5290,45.1956,-73.5695
5324,45.4414,-73.7749
5369,45.434401,-73.415177
5374,45.5135,-74.0534
5380,45.2702,-74.0482
5390,45.5459595,-73.6269685
5404,45.54805,-73.663725
5409,45.568939,-73.433515
5415,45.100641,-73.754688
5420,45.574,-73.94
5426,45.77,-73.6049
5431,45.5438,-73.5927
5437,45.5438,-73.5927
5459,45.454805,-73.596773
5465,45.4487,-73.8167
5470,45.24777155,-73.78637568
5497,45.4501,-73.8659
5504,45.52862,-73.628606
5529,45.4683,-73.8565
5536,45.5242835,-73.7100145
5554,45.77,-73.6049
5560,45.5694,-73.6221
5571,45.576618,-73.614041
5577,45.5690305,-73.5971295
5596,45.578693,-73.618749
5605,45.533592,-73.600604
5616,45.5690305,-73.5971295
5626,45.5771,-73.6873
5630,45.642227,-73.859375
5638,45.1082,-74.0451
5642,45.6425645,-73.859108
5651,45.4683,-73.8565
5659,45.495179,-73.683143
5663,45.5135,-74.0534
5688,45.4011,-73.619
5707,45.46381,-73.465736
5714,45.4001,-74.0325
5719,45.438,-73.6215
5729,45.578,-73.8004
5740,45.5334,-73.8159
5745,45.6168,-73.7825
5749,45.5159204,-73.40131493
5771,45.4402,-73.6747
5789,45.56788,-73.646059
5800,45.4876,-73.6045
5804,45.722061,-73.604275
5825,45.1082,-74.0451
5831,45.5756685,-73.8008115
5837,45.438,-73.6215
5841,45.501212,-73.570267
5847,45.4973,-73.4676
5857,45.5418,-73.4382
5862,45.4001,-74.0325
5872,45.5438,-73.5927
5880,45.5270815,-73.709822
5886,45.3655,-74.312
5892,45.5467,-73.6718
5897,45.538014,-73.588995
5904,45.517,-73.6831
5977,45.5715685,-73.5395965
5983,45.5735475,-73.539303
5993,45.5186,-73.5545
5997,45.5401,-73.6225
6006,45.25259423,-73.87212055
6022,45.3702,-74.1249
6026,45.556122,-73.552225
6039,45.5235595,-73.623108
6046,45.5057,-73.555
6061,45.5057,-73.555
6066,45.5057,-73.555
6081,45.54216,-73.5926815
6085,45.5057,-73.555
6090,45.5057,-73.555
6095,45.5307,-73.5547
6104,45.5438,-73.5927
6116,45.77,-73.6049
6125,45.451458,-73.494375
6129,45.537181,-73.597696
6135,45.539944,-73.593733
6139,45.542435,-73.589785
6145,45.5438,-73.5927
6161,45.1082,-74.0451
6167,45.4414,-73.7749
6180,45.4419,-73.7057
6189,45.54587337,-73.34244613
6193,45.490641,-73.462314
6226,45.4981,-73.4012
6275,45.5049,-73.7142
6285,45.5379945,-73.562778
6291,45.558248,-73.473593
6302,45.67843539,-73.75924165
6317,45.66701981,-73.59155294
6322,45.5899,-73.6389
6326,45.5899,-73.6389
6342,45.457283,-73.572786
6346,45.7395,-73.4588
6351,45.6095,-73.8378
6357,45.689,-73.8671
6361,45.6095,-73.8378
6366,45.674266,-73.866685
6372,45.3702,-74.1249
6378,45.3702,-74.1249
6395,45.7064,-73.6178
6416,45.5834,-73.3325
6421,45.4168,-73.4992
6425,45.4896115,-73.7531335
6435,45.5105225,-73.565496
6442,45.462521,-73.783523
6457,45.6342,-73.5842
6463,45.3655,-74.312
6467,45.6342,-73.5842
6471,45.3702,-74.1249
6477,45.6770725,-73.907625
6491,45.6770805,-73.9076705
6510,45.3655,-74.312
6514,45.1082,-74.0451
6519,45.527904,-73.781721
6523,45.550603,-73.590847
6527,45.4501,-73.2825
6531,45.4979,-73.6886
6563,45.3168,-73.8659
6568,45.38561,-73.547973
6573,45.77,-73.6049
6583,45.4414,-73.7749
6594,45.4897,-73.7958
6634,45.5744475,-73.896942
6646,45.500931,-73.577036
6658,45.4414,-73.7749
6664,45.4858,-73.7433
6671,45.4487,-73.8167
6693,45.3655,-74.312
6707,45.6383,-73.7975
6719,45.4062,-73.9456
6730,45.4414,-73.4561
6737,45.5263,-73.6649
6741,45.5771,-73.6873
6746,45.7424,-73.6509
6750,45.4062,-73.9456
6756,45.563228,-73.90285
6778,45.573395,-73.5392115
6783,45.522827,-73.6172485
6789,45.6342,-73.5842
6800,45.487292,-73.88009
6805,45.3526,-73.7305
6835,45.3168,-73.8659
6840,45.2409,-74.1098
6851,45.4001,-74.0325
6856,45.3994,-73.6506
6864,45.486076,-73.573174
6869,45.494797,-73.552292
6873,45.4001,-74.0325
6877,45.591,-73.4361
6895,45.532,-73.3437
6907,45.580911,-73.667787
6923,45.2702,-74.0482
6943,45.1082,-74.0451
6947,45.1082,-74.0451
6961,45.429334,-73.91748
6967,45.517394,-73.5584255
6995,45.7064,-73.6178
6999,45.3168,-73.8659
7008,45.5679,-73.4761
7025,45.3702,-74.1249
7031,45.5864,-73.6082
7035,45.3691,-73.7216
7040,45.3655,-74.312
7045,45.4419,-73.7057
7051,45.4683,-73.8565
7056,45.760433,-73.463142
7062,45.4414,-73.4561
7067,45.4737,-73.5882
7082,45.4001,-74.0325
7094,45.475464,-73.5920105
7101,45.75032702,-73.64556706
7110,45.687292,-73.63551
7116,45.2702,-74.0482
7121,45.2702,-74.0482
7132,45.385995,-73.533809
7139,45.4168,-73.4992
7143,45.4865,-73.9092
7149,45.4168,-73.4992
7154,45.5679,-73.4761
7160,45.5181,-73.4576
7227,45.6225,-73.6949
7233,45.4062,-73.9456
7244,45.3994,-73.6506
7250,45.4865,-73.4622
7256,45.5418,-73.4382
7262,45.4001,-74.0325
7276,45.49517,-73.7330985
7307,45.6213,-73.7398
7313,45.632,-73.5075
7320,45.5420585,-73.4927665
7325,45.3655,-74.312
7338,45.5049,-73.7142
7350,45.4487,-73.8167
7356,45.3655,-74.312
7374,45.7774,-73.4252
7378,45.4001,-74.0325
7381,45.5168,-73.6072
7388,45.1082,-74.0451
7393,45.7424,-73.6509
7398,45.7424,-73.6509
7404,45.7424,-73.6509
7409,45.502307,-73.480429
7415,45.7,-73.752
7420,45.2702,-74.0482
7425,45.5334,-73.8159
7431,45.4011,-73.619
7437,45.3994,-73.6506
7441,45.54189,-73.55901
7446,45.4062,-73.9456
7450,45.665069,-73.558583
7455,45.3655,-74.312
7459,45.3655,-74.312
7463,45.4846335,-73.775391
7469,45.498,-73.5472
7475,45.4001,-74.0325
7485,45.5230985,-73.663971
7497,45.793884,-74.051203
7501,45.2409,-74.1098
7505,45.534014,-73.600576
7509,45.490278,-73.424741
7532,45.1956,-73.5695
7538,45.5008545,-73.575194
7550,45.5573,-73.7725
7554,45.5573,-73.7725
7563,45.536764,-73.707682
7570,45.5302,-73.5831
7592,45.485076,-73.600463
7612,45.542099,-73.5644535
7617,45.5899,-73.6389
7622,45.519993,-73.566088
7642,45.5499125,-73.627427
7650,45.5435,-73.6339
7658,45.5186,-73.5545
7690,45.6242215,-73.691193
7695,45.6656,-73.5367
7699,45.6656,-73.5367
7707,45.58378517,-73.72424317
7717,45.689,-73.8671
7722,45.067931,-73.583788
7727,45.6442,-73.8448
7732,45.6442,-73.8448
7737,45.3655,-74.312
7742,45.6739,-73.5924
7747,45.5063,-73.6297
7766,45.77,-73.6049
7774,45.4643,-73.5698
7780,45.4654085,-73.57843
7785,45.4001,-74.0325
7789,45.712846,-73.65343
7823,45.722756,-73.668288
7827,45.7275,-73.7062
7835,45.72035616,-73.5884856
7840,45.504,-73.5747
7852,45.5946,-73.2283
7860,45.5946,-73.2283
7864,45.5946,-73.2283
7869,45.4906,-73.3991
7876,45.5183,-73.5023
7882,45.4565885,-73.4841005
7891,45.4906,-73.3991
7898,45.375337,-73.552568
7903,45.4487,-73.8167
7919,45.3526,-73.7305
7923,45.3655,-74.312
7941,45.1956,-73.5695
7947,45.3702,-74.1249
7951,45.4001,-74.0325
7956,45.412964,-74.015645
7963,45.6442,-73.8448
7968,45.5779,-73.8809
7973,45.4455,-73.4841
7998,45.438,-73.6215
8002,45.4487,-73.8167
8006,45.3655,-74.312
8011,45.3691,-73.7216
8019,45.7888,-73.7442
8031,45.452875,-73.547386
8038,45.4334,-73.8659
8051,45.491648,-73.556684
8056,45.5084,-73.8075
8084,45.6168,-73.7825
8113,45.585844,-73.671677
8134,45.4501,-73.8659
8138,45.5255585,-73.548693
8150,45.50358026,-73.63829563
8160,45.5336075,-73.6007765
8165,45.5442,-73.5468
8173,45.5367105,-73.598049
8177,45.532531,-73.6197055
8189,45.6442,-73.8448
8194,45.635437,-73.8362915
8214,45.4419,-73.7057
8219,45.5467,-73.6718
8238,45.5438,-73.5927
8242,45.543038,-73.589253
8249,45.5426025,-73.5899815
8253,45.530182,-73.6100315
8260,45.450315,-74.335232
8265,45.7334,-74.1325
8274,45.7334,-74.1325
8279,45.1082,-74.0451
8290,45.4459,-73.5815
8295,45.7064,-73.6178
8301,45.5186,-73.5545
8306,45.447754,-73.715508
8312,45.4414,-73.7749
8316,45.3168,-73.8659
8322,45.5418,-73.4382
8326,45.4973,-73.4676
8335,45.4001,-74.0325
8339,45.525409,-73.800924
8349,45.591,-73.4361
8356,45.3526,-73.7305
8361,45.553467,-73.665329
8368,45.5793,-73.7367
8372,45.504,-73.5747
8381,45.569434,-73.772532
8465,45.4501,-73.2825
8484,45.4487,-73.8167
8490,45.5523,-73.4558
8498,45.5523,-73.4558
8503,45.3655,-74.312
8529,45.619801,-73.582397
8534,45.484087,-73.628849
8539,45.6656,-73.5367
8555,45.6184255,-73.565292
8572,45.5423235,-73.565202
8580,45.4001,-74.0325
8584,45.5171,-73.7363
8590,45.585316,-73.521723
8596,45.585785,-73.6716155
8604,45.4414,-73.4561
8608,45.50163,-73.575034
8642,45.5822665,-73.603722
8653,45.479134,-73.5961455
8682,45.4906,-73.3991
8745,45.4001,-74.0325
8919,45.690956,-73.758153
8924,45.6095,-73.8378
8929,45.2409,-74.1098
8949,45.23445,-73.57112
8965,45.4001,-74.0325
8993,45.4001,-74.0325
9024,45.494764,-73.561355
9034,45.4334,-73.8659
9038,45.515928,-73.401605
9070,45.4001,-74.0325
9075,45.527904,-73.781721
9080,45.4001,-74.0325
9098,45.3655,-74.312
9102,45.93617686,-73.72753726
9112,45.93617686,-73.72753726
9123,45.5135,-74.0534
9133,45.4001,-74.0325
9170,45.6429445,-73.870142
9175,45.5984,-73.7159
9185,45.8501,-73.7659
9190,45.5526,-73.8507
9194,45.444113,-73.439392
9204,45.4906,-73.3991
9208,45.6834,-73.4325
9213,45.3526,-73.7305
9218,45.3691,-73.7216
9270,45.531118,-73.637136
9276,45.513627,-73.6328585
9289,45.5374,-73.5735
9294,45.3655,-74.312
9319,45.5061,-73.5573
9333,45.525642,-73.724105
9357,45.3668,-73.5492
9364,45.580203,-73.324105
9368,45.478209,-73.595556
9380,45.3655,-74.312
9384,45.5671515,-73.521214
9390,45.7334,-74.1325
9395,45.4979,-73.6886
9401,45.523819,-73.5825955
9411,45.4487,-73.8167
9415,45.4989165,-73.5768335
9435,45.5585,-73.5386
9444,45.4001,-74.0325
9453,45.3168,-73.8659
9468,45.4865,-73.4622
9477,45.6409,-73.7542
9482,45.1082,-74.0451
9491,45.1082,-74.0451
9496,45.5478875,-73.6339265
9500,45.561196,-73.7547605
9513,45.4062,-73.9456
9529,45.4414,-73.7749
9535,45.4973,-73.4676
9549,45.6409,-73.7542
9560,45.5424345,-73.5897825
9574,45.4805,-73.5554
9589,45.1956,-73.5695
9595,45.5526,-73.8507
9603,45.779528,-73.416198
9612,45.559963,-73.57116
9649,45.515537,-73.629145
9661,45.5063,-73.6297
9680,45.5183,-73.5023
9688,45.318856,-73.845658
9693,45.27135,-73.694275
9698,45.3691,-73.7216
9702,45.5181,-73.4576
9711,45.54509,-73.599113
9723,45.5181,-73.4576
9729,45.5834,-73.3325
9733,45.7424,-73.6509
9739,45.483382,-73.761837
9746,45.77,-73.6049
9760,45.6097,-73.5794
9770,45.5181,-73.4576
9776,45.4805,-73.5554
9831,45.467913,-73.468509
9842,45.4805,-73.5554
9862,45.4805,-73.5554
9873,45.5005,-73.5684
9889,45.532289,-73.619935
9894,45.3994,-73.6506
9903,45.4984995,-73.51115
9907,45.1956,-73.5695
9913,45.1956,-73.5695
9922,45.4756,-73.8367
9928,45.4419,-73.7057
9932,45.324913,-73.715164
9936,45.5049,-73.7142
9964,45.5135,-74.0534
9968,45.6694,-73.7752
9974,45.3655,-74.312
9991,45.74857686,-73.64215069
9995,45.4062,-73.9456
10006,45.4501,-73.8659
10020,45.569379,-73.7725065
10053,45.6739,-73.5924
10068,45.6043,-73.5178
10091,45.505152,-73.55319
10096,45.607921,-73.564347
10100,45.3665,-73.9736
10105,45.5528,-73.6411
10117,45.4414,-73.7749
10122,45.4737,-73.5882
10127,45.4690705,-73.628723
10132,45.4865,-73.4622
10137,45.3655,-74.312
10141,45.591,-73.4361
10153,45.438,-73.6215
10158,45.498361,-73.5568235
10175,45.4001,-74.0325
10187,45.4987,-73.5793
10201,45.5168,-73.6072
10206,45.4865,-73.9092
10215,45.628167,-73.687855
10226,45.5168,-73.6072
10230,45.7424,-73.6509
10235,45.4964,-73.6647
10245,45.702861,-73.532341
10249,45.569275,-73.7401275
10253,45.77,-73.6049
10257,45.705916,-73.523329
10265,45.4459,-73.5815
10290,45.4455,-73.4841
10300,45.4805,-73.5554
10310,45.4805,-73.5554
10315,45.4805,-73.5554
10325,45.596405,-73.525177
10329,45.386901,-73.5337385
10333,45.47279258,-73.82009892
10360,45.4402,-73.6747
10365,45.546192,-73.549512
10377,45.5186,-73.5545
10381,45.4011,-73.619
10387,45.498,-73.5472
10409,45.6694,-73.7752
10425,45.4334,-73.8659
10434,45.5442,-73.5468
10489,45.5263,-73.6649
10493,45.534052,-73.666108
10501,45.6225,-73.6949
10506,45.3691,-73.7216
10513,45.3526,-73.7305
10518,45.3691,-73.7216
10524,45.689,-73.8671
10534,45.68866084,-73.63743557
10580,45.4876,-73.6045
10597,45.65534776,-73.85161473
10608,45.1082,-74.0451
10613,45.711817,-74.112734
10623,45.5679,-73.4761
10637,45.7888,-73.7442
10641,45.2409,-74.1098
10645,45.2409,-74.1098
10653,45.5302,-73.5831
10658,45.674266,-73.866685
10674,45.507301,-73.811644
10679,45.6409,-73.7542
10691,45.3994,-73.6506
10701,45.1082,-74.0451
10708,45.4906,-73.3991
10720,45.4973,-73.4676
10724,45.4168,-73.4992
10735,45.4414,-73.4561
10752,45.523759,-73.582616
10758,45.518589,-73.558133
10768,45.518589,-73.558133
10783,45.5186,-73.5545
10787,45.521848,-73.5551
10792,45.67036163,-73.49429943
10799,45.5679625,-73.6406095
10804,45.565727,-73.855617
10810,45.7788,-73.9829
10820,45.5372,-73.5056
10825,45.574,-73.94
10840,45.562796,-73.589205
10849,45.5186,-73.5545
10853,45.5678255,-73.5847775
10895,45.5674105,-73.594208
10913,45.2409,-74.1098
10931,45.689,-73.8671
10946,45.5196185,-73.635086
10957,45.689,-73.8671
10966,45.5135,-74.0534
10971,45.3702,-74.1249
10976,45.6095,-73.8378
11038,45.5168,-73.6072
11047,45.8501,-73.7659
11080,45.4062,-73.9456
11085,45.531511,-73.566302
11089,45.4973,-73.4676
11099,45.486212,-73.624516
11111,45.5771,-73.6873
11115,45.4487,-73.8167
11126,45.4001,-74.0325
11131,45.4737,-73.5882
11136,45.5158905,-73.559585
11165,45.77,-73.6049
11169,45.5338,-73.7652
11184,45.533028,-73.6205215
11192,45.4402,-73.6747
11196,45.7424,-73.6509
11200,45.7424,-73.6509
11211,45.485951,-73.55049
11218,45.5173995,-73.646698
11225,45.79372,-74.051591
11229,45.7774,-73.4252
11238,45.77,-73.6049
11243,45.4393615,-73.64809
11249,45.4001,-74.0325
11254,45.689,-73.8671
11259,45.7424,-73.6509
11263,45.3702,-74.1249
11275,45.627607,-73.501224
11305,45.5585,-73.5386
11316,45.5143825,-73.693233
11329,45.4973,-73.4676
11346,45.438,-73.6215
11351,45.542435,-73.589785
11364,45.5354,-73.6061
11369,45.5527,-73.1755
11390,45.542669,-73.5896765
11394,45.3655,-74.312
11404,45.5181,-73.4576
11410,45.90529123,-73.76793803
11415,45.516114,-73.557701
11440,45.543274,-73.6507145
11456,45.438,-73.6215
11479,45.496826,-73.604996
11489,45.513679,-73.567609
11495,45.3655,-74.312
11500,45.3655,-74.312
11517,45.3655,-74.312
11533,45.4942375,-73.565216
11557,45.6225,-73.6949
11646,45.4062,-73.9456
11650,45.5069,-73.8407
11655,45.4987,-73.5793
11660,45.4001,-74.0325
11664,45.760609,-73.487023
11668,45.6342,-73.5842
11673,45.7774,-73.4252
11679,45.48338401,-73.61250345
11711,45.2409,-74.1098
11715,45.3691,-73.7216
11732,45.4637615,-73.475022
11739,45.1082,-74.0451
11747,45.4906,-73.3991
11757,45.1082,-74.0451
11807,45.4001,-74.0325
11823,45.4001,-74.0325
11837,45.4001,-74.0325
11843,45.507581,-73.524565
11850,45.1082,-74.0451
11855,45.5302,-73.5831
11865,45.53394,-73.62087
11871,45.5302,-73.5831
11886,45.3691,-73.7216
11894,45.7064,-73.6178
11901,45.4979,-73.6886
11907,45.45962905,-73.74979841
11922,45.5467,-73.6718
11927,45.5618,-73.599
11950,45.5334,-73.2825
11962,45.4964,-73.6647
11967,45.2702,-74.0482
11979,45.5049,-73.7142
11984,45.7424,-73.6509
11988,45.498,-73.5472
11992,45.498,-73.5472
11996,45.498,-73.5472
12000,45.498,-73.5472
12004,45.498,-73.5472
12024,45.498,-73.5472
12054,45.498,-73.5472
12079,45.498,-73.5472
12097,45.5446675,-73.5697965
12121,45.4501,-73.2825
12128,45.536043,-73.77406
12138,45.4501,-73.2825
12144,45.573,-73.5701
12159,45.5523,-73.4558
12179,45.3868485,-73.5338135
12211,45.1082,-74.0451
12218,45.5334,-73.8159
12236,45.7424,-73.6509
12243,45.7424,-73.6509
12255,45.4683,-73.8565
12259,45.5710765,-73.5213255
12264,45.5049,-73.7142
12270,45.46606,-73.71808
12282,45.1956,-73.5695
12287,45.474652,-73.603719
12299,45.95189137,-73.84790601
12394,45.5372,-73.5056
12399,45.5073,-73.5082
12425,45.4011,-73.619
12431,45.1082,-74.0451
12451,45.3702,-74.1249
12463,45.509615,-73.734719
12469,45.6043,-73.5178
12478,45.4414,-73.7749
12482,45.5115,-73.5683
12488,45.573,-73.5701
12507,45.34750454,-73.69789993
12517,45.3168,-73.8659
12554,45.819818,-73.739436
12559,45.6168,-73.7825
12574,45.707531,-73.694195
12579,45.610805,-73.785608
12583,45.6095,-73.8378
12589,45.525642,-73.724105
12593,45.3655,-74.312
12609,45.3655,-74.312
12621,45.5896605,-73.6359255
12626,45.589142,-73.6351345
12630,45.751364,-73.660354
12639,45.2702,-74.0482
12666,45.5049,-73.7142
12670,45.481659,-73.632843
12677,45.4717,-73.6149
12682,45.6168,-73.6492
12694,45.3702,-74.1249
12700,45.3702,-74.1249
12723,45.1956,-73.5695
12762,45.3645925,-73.508553
12782,45.36428,-73.5091025
12824,45.6526045,-73.5635955
12838,45.487693,-73.59834
12864,45.93836757,-73.73302654
12882,45.3702,-74.1249
12887,45.490301,-73.42473
12898,45.364868,-73.508316
12917,45.559543,-73.610567
12922,45.492575,-73.557643
12943,45.4001,-74.0325
12947,45.4901085,-73.6430875
12965,45.515565,-73.6391545
12977,45.514633,-73.637039
12991,45.515565,-73.6391545
12997,45.4001,-74.0325
13001,45.4001,-74.0325
13018,45.7424,-73.6509
13026,45.75207412,-73.64273956
13039,45.5946,-73.2283
13052,45.4001,-74.0325
13058,45.473034,-73.54738
13065,45.4798,-73.586653
13071,45.479771,-73.571709
13107,45.3655,-74.312
13121,45.4805,-73.5554
13132,45.5217,-73.6393
13235,45.4897,-73.7958
13241,45.7643,-73.5036
13246,45.4858,-73.7433
13254,45.611271,-73.785162
13262,45.4952615,-73.626129
13266,45.4168,-73.4992
13279,45.407681,-74.18583
13308,45.3702,-74.1249
13318,45.4414,-73.7749
13325,45.7395,-73.4588
13336,45.573,-73.5701
13342,45.5779,-73.8809
13348,45.559059,-73.598563
13355,45.4643,-73.5698
13361,45.4643,-73.5698
13396,45.3168,-73.7492
13411,45.6383,-73.7975
13424,45.5063,-73.6297
13449,45.6699385,-73.87654237
13453,45.1956,-73.5695
13458,45.24727797,-73.78626068
13469,45.714,-73.5357
13473,45.1956,-73.5695
13493,45.4001,-74.0325
13519,45.4546,-73.5985
13537,45.5057,-73.555
13541,45.5057,-73.555
13545,45.5005,-73.5684
13549,45.747944,-73.479704
13555,45.448347,-73.596759
13562,45.5354,-73.6061
13567,45.2691,-74.2339
13575,45.4487,-73.8167
13584,45.5526,-73.8507
13590,45.576872,-73.540797
13596,45.3668,-73.5659
13600,45.4001,-74.0325
13613,45.578,-73.8004
13630,45.8501,-73.7659
13663,45.7064,-73.6178
13676,45.5073,-73.5082
13684,45.546524,-73.6382145
13701,45.93844219,-73.73283342
13706,45.474251,-73.566034
13734,45.570398,-73.771676
13750,45.5354,-73.6061
13760,45.5438,-73.5927
13765,45.5438,-73.5927
13781,45.5438,-73.5927
13791,45.479492,-73.571576
13800,45.5467,-73.6718
13806,45.576618,-73.614041
13824,45.4334,-73.8659
13856,45.5784335,-73.6362305
13866,45.4001,-74.0325
13871,45.4168,-73.4992
13880,45.5009,-73.5877
13885,45.5690615,-73.5967865
13892,45.7395,-73.4588
13898,45.434305,-73.3767035
13903,45.5899,-73.6389
13916,45.5798545,-73.620888
13942,45.5009,-73.5877
13952,45.4683,-73.8565
13964,45.5418,-73.4382
14021,45.3168,-73.8659
14030,45.4973,-73.4676
14044,45.504735,-73.58007
14055,45.5528,-73.6411
14059,45.633371,-73.838331
14064,45.5779,-73.8809
14070,45.5523,-73.4558
14077,45.51827386,-73.68559183
14088,45.4546,-73.5985
14094,45.85166824,-73.56170414
14100,45.3668,-73.5492
14105,45.543038,-73.589253
14113,45.79372,-74.051591
14118,45.7045,-73.9472
14142,45.519017,-73.6380465
14159,45.7424,-73.6509
14165,45.3655,-74.312
14178,45.699806,-73.629609
14183,45.7395,-73.4588
14218,45.39913135,-73.57674203
14222,45.3168,-73.7492
14228,45.5338,-73.7652
14233,45.6383,-73.7975
14238,45.4334,-73.1659
14248,45.7395,-73.4588
14259,45.4001,-74.0325
14263,45.5717165,-73.6024625
14268,45.5183,-73.5023
14276,45.4501,-73.8659
14310,45.7788,-73.9829
14314,45.555373,-73.669001
14320,45.5323685,-73.568224
14341,45.443166,-73.436091
14348,45.793884,-74.051203
14358,45.479118,-73.5960695
14366,45.1956,-73.5695
14372,45.3655,-74.312
14413,45.4062,-73.9456
14420,45.793884,-74.051203
14505,45.5052,-73.5622
14512,45.4683,-73.8565
14529,45.4419,-73.7057
14538,45.3655,-74.312
14542,45.4737,-73.5882
14556,45.488171,-73.497454
14565,45.5073,-73.5082
14570,45.5186,-73.5545
14586,45.537769,-73.597124
14610,45.61082,-73.7855305
14620,45.714,-73.5357
14643,45.386452,-73.579686
14649,45.6834,-73.4325
14655,45.714448,-74.114632
14661,45.3668,-73.5492
14671,45.438,-73.6215
14685,45.5435,-73.6339
14692,45.5484335,-73.530754
14697,45.6337435,-73.76445
14709,45.47,-73.6686
14715,45.5250065,-73.6722175
14721,45.4306856,-72.7143303
14737,45.59232,-73.624777
14763,45.571368,-73.720969
14770,45.7424,-73.6509
14791,45.3655,-74.312
14842,45.1082,-74.0451
14865,45.4168,-73.4992
14877,45.4402,-73.6747
14883,45.3655,-74.312
14896,45.3994,-73.6506
14910,45.498,-73.5472
14917,45.532,-73.3437
14927,45.51237,-73.55734
14951,45.5340615,-73.665047
14955,45.5984,-73.7159
14962,45.7395,-73.4588
14972,45.5467,-73.6718
14993,45.510366,-73.56549
15001,45.7788,-73.9829
15038,45.5302,-73.5831
15047,45.6656,-73.5367
15075,45.3655,-74.312
15081,45.4001,-74.0325
15092,45.5049,-73.7142
15096,45.4001,-74.0325
15101,45.4001,-74.0325
15157,45.5343815,-73.5502275
15184,45.701982,-73.725746
15196,45.551054,-73.641645
15251,45.4001,-74.0325
15266,45.521848,-73.5551
15278,45.519993,-73.566088
15284,45.521698,-73.5552825
15289,45.5186,-73.5545
15299,45.58454022,-73.34621967
15313,45.3655,-74.312
15320,45.5183,-73.5023
15325,45.4906,-73.3991
15333,45.49694,-73.70468
15339,45.6209,-73.8728
15344,45.6225,-73.6949
15364,45.3655,-74.312
15396,45.4001,-74.0325
15423,45.70524,-73.658723
15427,45.591,-73.4361
15452,45.5555935,-73.5520645
15508,45.5585,-73.5386
15519,45.5560055,-73.552423
15587,45.3655,-74.312
15591,45.61757618,-72.8903356
15606,45.5057,-73.555
15624,45.4897,-73.7958
15643,45.5242005,-73.4586485
15653,45.591,-73.4361
15692,45.77,-73.6049
15705,45.4961595,-73.76517
15720,45.51376,-73.833665
15726,45.7064,-73.6178
15735,45.5018,-73.6191
15741,45.7064,-73.6178
15745,45.536906,-73.604795
15749,45.495609,-73.5634745
15768,45.522724,-73.56224
15773,45.3655,-74.312
15783,45.2409,-74.1098
15796,45.5946,-73.2283
15813,45.3655,-74.312
15831,45.4001,-74.0325
15838,45.4001,-74.0325
15850,45.4001,-74.0325
15857,45.4001,-74.0325
15885,45.5999605,-73.6319275
15893,45.584544,-73.6458585
15905,45.4334,-73.8659
15915,45.574,-73.94
15923,45.4557645,-73.4463045
15929,45.9334,-74.0159
15950,45.5779,-73.5304
15955,45.6097,-73.5794
15960,45.5005,-73.5684
15965,45.5115,-73.5683
15975,45.5049,-73.7142
15980,45.7,-73.752
16038,45.64385119,-73.81648183
16057,45.1956,-73.5695
16061,45.4168,-73.4992
16066,45.50963369,-73.65249811
16079,45.4414,-73.7749
16092,45.5084,-73.8075
16097,45.498,-73.5472
16113,45.492679,-73.556466
16120,45.452875,-73.547386
16127,45.6694,-73.7752
16132,45.5217,-73.6393
16137,45.93622909,-73.72766601
16169,45.3526,-73.7305
16173,45.5168,-73.6072
16178,45.532715,-73.62055
16187,45.4546,-73.5985
16192,45.3668,-73.5659
16209,45.579707,-73.687478
16227,45.1082,-74.0451
16231,45.3668,-73.5492
16234,45.3655,-74.312
16251,45.7788,-73.9829
16263,45.5168,-73.6072
16280,45.7788,-73.9829
16285,45.572005,-73.673989
16303,45.438,-73.6215
16308,45.3655,-74.312
16323,45.5442,-73.5468
16328,45.6097,-73.5794
16341,45.474206,-73.707343
16352,45.1529,-73.1636
16365,45.6213,-73.7398
16373,45.726928,-73.682167
16390,45.4501,-73.2825
16404,45.7424,-73.6509
16411,45.3668,-73.5492
16425,45.6739,-73.5924
16434,45.580398,-73.6870815
16442,45.2691,-74.2339
16452,45.1956,-73.5695
16461,45.4414,-73.7749
16467,45.6097,-73.5472
16501,45.573,-73.5701
16506,45.3655,-74.312
16511,45.7064,-73.6178
16516,45.4168,-73.4992
16520,45.3526,-73.7305
16525,45.537701,-73.592549
16536,45.4001,-74.0325
16550,45.726893,-73.677755
16559,45.3665,-73.9736
16587,45.553543,-73.6621875
16713,45.498,-73.5472
16723,45.56469,-73.5873795
16778,45.479771,-73.571709
16797,45.7334,-74.1325
16812,45.537474,-73.5850675
16817,45.3655,-74.312
16826,45.3668,-73.5659
16830,45.53802,-73.5968815
16834,45.779528,-73.416198
16846,45.5438,-73.5927
16858,45.5438,-73.5927
16864,45.5354,-73.6061
16881,45.3168,-73.7492
16886,45.2702,-74.0482
16895,45.2702,-74.0482
16900,45.632,-73.5075
16907,45.5946,-73.2283
16913,45.7275,-73.7062
16938,45.5135,-74.0534
16954,45.7,-73.752
16966,45.4805,-73.5554
17000,45.1956,-73.5695
17005,45.531654,-73.566991
17031,45.3702,-74.1249
17036,45.5302,-73.5831
17094,45.5186,-73.5545
17146,45.5302,-73.5831
17168,45.4825,-73.5933
17174,45.4168,-73.4992
17214,45.4414,-73.7749
17219,45.5585,-73.5386
17242,45.4001,-74.0325
17282,45.543106,-73.5413365
17303,45.62798862,-73.57829769
17311,45.4674,-73.4832
17316,45.4487,-73.8167
17321,45.5245535,-73.6255435
17335,45.633344,-73.838349
17341,45.4001,-74.0325
17346,45.566186,-73.85127
17364,45.4981,-73.4012
17373,45.6656,-73.5367
17400,45.5268575,-73.696178
17415,45.4973,-73.4676
17424,45.3655,-74.312
17442,45.4459,-73.5815
17469,45.769911,-74.000218
17490,45.608069,-73.704568
17496,45.4906,-73.3991
17501,45.548077,-73.5577
17518,45.544301,-73.5371605
17531,45.4717,-73.6149
17541,45.5946,-73.2283
17563,45.6213,-73.7398
17583,45.5501,-73.6992
17594,45.1082,-74.0451
17605,45.4168,-73.4992
17625,45.4987,-73.5793
17655,45.3702,-74.1249
17676,45.5583,-73.5701
17684,45.5115,-73.5683
17702,45.1956,-73.5695
17729,45.4866605,-73.5414485
17736,45.4879,-73.544312
17750,45.4334,-73.8659
17755,45.5611115,-73.595306
17761,45.498,-73.5472
17768,45.4951515,-73.5572965
17775,45.711758,-74.110011
17779,45.3655,-74.312
17789,45.7334,-74.1325
17794,45.6345,-74.1005
17800,45.4334,-73.8659
17836,45.4683,-73.8565
17867,45.643585,-73.58403
17872,45.4501,-73.8659
17893,45.7424,-73.6509
17899,45.3655,-74.312
17904,45.376868,-74.037684
17968,45.4501,-73.8659
17984,45.5171,-73.7363
17997,45.458027,-73.678986
18022,45.579692,-73.620956
18028,45.5694,-73.6221
18034,45.5694,-73.6221
18049,45.524153,-73.458526
18054,45.524153,-73.458526
18089,45.4717,-73.6149
18097,45.4001,-74.0325
18130,45.5694,-73.6221
18144,45.5526,-73.8507
18162,45.643097,-73.58342
18173,45.3668,-73.5492
18177,45.5372,-73.5056
18183,45.4168,-73.4992
18201,45.5779,-73.5304
18207,45.4970855,-73.5770265
18211,45.58202798,-73.34633508
18216,45.6442,-73.8448
18221,45.3994,-73.6506
18227,45.4501,-73.2825
18235,45.532,-73.3437
18241,45.686325,-73.798157
18249,45.532,-73.3437
18266,45.492052,-73.476104
18278,45.514259,-73.636616
18282,45.469319,-73.565168
18287,45.4643,-73.5698
18310,45.4168,-73.4992
18314,45.4001,-74.0325
18323,45.4865,-73.4622
18359,45.1082,-74.0451
18366,45.5049,-73.7142
18373,45.4001,-74.0325
18389,45.4001,-74.0325
18411,45.4819,-73.6421
18420,45.5186,-73.5545
18424,45.521565,-73.5553465
18432,45.5302,-73.5831
18468,45.532589,-73.590242
18480,45.1082,-74.0451
18486,45.5084,-73.8075
18498,45.3168,-73.7492
18517,45.5135,-74.0534
18522,45.3655,-74.312
18532,45.438,-73.6215
18552,45.487693,-73.59834
18558,45.5899,-73.6389
18567,45.5394,-73.6513
18572,45.5247,-73.5953
18577,45.5354,-73.6061
18589,45.7424,-73.6509
18593,45.5102235,-73.5729825
18599,45.6656,-73.5367
18605,45.3655,-74.312
18610,45.495735,-73.580673
18623,45.5362,-73.4721
18631,45.482966,-73.435868
18639,45.4973,-73.4676
18647,45.4674,-73.4832
18655,45.4011,-73.619
18661,45.532,-73.3437
18667,45.527358,-73.597588
18673,45.3655,-74.312
18718,45.4594,-73.5501
18733,45.6834,-73.4325
18747,45.869962,-74.074134
18756,45.4001,-74.0325
18768,45.4487,-73.8167
18772,45.6409,-73.7542
18804,45.4001,-74.0325
18810,45.4001,-74.0325
18820,45.5618,-73.599
18831,45.3691,-73.7216
18842,45.5183,-73.5023
18873,45.6345,-74.1005
18878,45.3691,-73.7216
18891,45.6342,-73.5842
18897,45.4756,-73.8367
18905,45.6694,-73.7752
18919,45.4558535,-73.640671
18928,45.689,-73.8671
18938,45.4001,-74.0325
18947,45.563028,-73.903384
18957,45.1956,-73.5695
18964,45.61644865,-73.78274604
18982,45.3655,-74.312
19000,45.3702,-74.1249
19004,45.5526,-73.8507
19008,45.3691,-73.7216
19015,45.4001,-74.0325
19024,45.56485,-73.72279
19039,45.326552,-73.817439
19044,45.5307,-73.5547
19048,45.497413,-73.552883
19052,45.3702,-74.1249
19069,45.4897,-73.7958
19074,45.5372,-73.5056
19085,45.5354,-73.6061
19092,45.7888,-73.7442
19098,45.3691,-73.7216
19104,45.7888,-73.7442
19144,45.4001,-74.0325
19148,45.3526,-73.7305
19159,45.47609415,-73.66278368
19168,45.77,-73.6049
19178,45.613016,-73.824236
19196,45.613016,-73.824236
19203,45.526813,-73.430617
19208,45.5486,-73.5788
19214,45.3526,-73.7305
19238,45.52005,-73.5714265
19244,45.5115,-73.5683
19256,45.5052,-73.5622
19274,45.4577,-73.9162
19284,45.1956,-73.5695
19292,45.6095,-73.8378
19297,45.4683,-73.8565
19302,45.4001,-73.5825
19311,45.44711144,-73.59360889
19317,45.5052,-73.5622
19337,45.574,-73.94
19341,45.6739,-73.5924
19346,45.475189,-73.59256
19352,45.689,-73.8671
19409,45.5073,-73.5082
19414,45.514235,-73.51628
19419,45.514235,-73.51628
19424,45.4924,-73.5009
19428,45.4001,-74.0325
19468,45.4414,-73.4561
19472,45.4001,-74.0325
19510,45.5181,-73.4576
19515,45.502252,-73.5719875
19522,45.3655,-74.312
19528,45.4414,-73.7749
19547,45.5573,-73.7725
19552,45.5779,-73.8809
19556,45.3668,-73.5659
19562,45.621922,-73.558132
19567,45.3702,-74.1249
19572,45.4737,-73.5882
19577,45.495903,-73.5643385
19599,45.497672,-73.567609
19606,45.495543,-73.5637405
19614,45.77,-73.6049
19627,45.573743,-73.866097
19637,45.5834,-73.3325
19641,45.6656,-73.5367
19645,45.3994,-73.6506
19659,45.4683,-73.8565
19666,45.3994,-73.6506
19672,45.5771,-73.6873
19676,45.6694,-73.7752
19681,45.6168,-73.7825
19688,45.438,-73.6215
19706,45.6097,-73.5794
19713,45.541863,-73.561734
19736,45.5265845,-73.6775665
19758,45.5262055,-73.677379
19772,45.5286765,-73.6754495
19780,45.527819,-73.6811065
19818,45.523759,-73.582616
19832,45.5478,-73.7368
19840,45.3702,-74.1249
19845,45.574089,-73.5393525
19850,45.6342,-73.5842
19868,45.5049,-73.7142
19880,45.5049,-73.7142
19886,45.5049,-73.7142
19892,45.4414,-73.7749
19896,45.1082,-74.0451
19903,45.4683,-73.8565
19907,45.524361,-73.5632785
19912,45.4683,-73.8565
19917,45.3702,-74.1249
19951,45.476169,-73.576369
19956,45.28434964,-74.1371928
19961,45.2702,-74.0482
19988,45.543106,-73.5893405
20004,45.5354,-73.6061
20012,45.46495,-73.539921
20054,45.538498,-73.5963895
20074,45.5299685,-73.610031
20095,45.5583,-73.5701
20115,45.4730845,-73.5474735
20185,45.457327,-74.181117
20197,45.5013735,-73.5748595
20203,45.501342,-73.575482
20252,45.6168,-73.7825
20257,45.4414,-73.4561
20264,45.5135,-74.0534
20270,45.5135,-74.0534
20281,45.574,-73.94
20295,45.486399,-73.548406
20302,45.5088195,-73.728312
20322,45.5984,-73.7159
20328,45.8501,-73.7659
20347,45.6342,-73.5842
20360,45.7275,-73.7062
20370,45.5372,-73.5056
20411,45.4334,-73.8659
20425,45.7395,-73.4588
20429,45.714,-73.5357
20436,45.466712,-74.106262
20443,45.180958,-73.608993
20450,45.1956,-73.5695
20457,45.533477,-73.570748
20462,45.540799,-73.49225
20500,45.5467,-73.6718
20535,45.1082,-74.0451
20597,45.4001,-74.0325
20606,45.549345,-73.538256
20622,45.6043,-73.5178
20626,45.255656,-73.60915
20638,45.5514,-73.6116
20644,45.635135,-73.835793
20658,45.4683,-73.8565
20678,45.56996289,-73.53604482
20685,45.5836425,-73.629204
20691,45.6109,-73.6211
20702,45.579721,-73.6206975
20711,45.689,-73.8671
20718,45.545528,-73.692578
20724,45.6109,-73.6211
20730,45.544641,-73.631662
20743,45.5726245,-73.6051295
20752,45.5789915,-73.6196665
20758,45.572652,-73.605366
20764,45.431462,-73.615601
20770,45.575131,-73.610658
20776,45.4812265,-73.622332
20782,45.479818,-73.646178
20816,45.5263,-73.6649
20821,45.5147805,-73.636723
20946,45.5834,-73.3325
20962,45.5354,-73.6061
21018,45.5263,-73.6649
21034,45.538473,-73.59643
21067,45.537181,-73.597696
21084,45.5083625,-73.4838435
21102,45.5583,-73.5701
21154,45.5571215,-73.562035
21161,45.558984,-73.568501
21172,45.558984,-73.568501
21199,45.5583,-73.5701
21204,45.561476,-73.5759
21211,45.5615385,-73.5758665
21264,45.563824,-73.583451
21270,45.559524,-73.5699975
21293,45.5583,-73.5701
21309,45.5583,-73.5701
21323,45.498,-73.5472
21336,45.561447,-73.5756985
21343,45.561476,-73.5759
21362,45.5583,-73.5701
21369,45.5899,-73.6389
21378,45.5585,-73.5386
21383,45.523374,-73.583424
21398,45.520228,-73.571655
21408,45.524169,-73.458499
21422,45.4001,-74.0325
21448,45.6109,-73.6211
21453,45.4168,-73.4992
21462,45.398567,-73.498844
21473,45.8501,-73.7659
21485,45.35381798,-73.73625297
21491,45.85956445,-73.59703373
21497,45.5528,-73.6411
21505,45.510589,-73.514955
21510,45.5668735,-73.5205135
21518,45.4861,-73.5732
21551,45.4168,-73.4992
21603,45.4455,-73.4841
21640,45.5263,-73.6649
21647,45.4414,-73.7749
21678,45.4001,-74.0325
21684,45.3702,-74.1249
21690,45.3655,-74.312
21698,45.3702,-74.1249
21728,45.549046,-73.739613
21737,45.3655,-74.312
21744,45.1956,-73.5695
21750,45.4001,-74.0325
21761,45.1956,-73.5695
21767,45.8232,-73.4294
21773,45.574814,-73.4797975
21779,45.608623,-73.710208
21797,45.63366,-73.818453
21804,45.698773,-73.595157
21811,45.3655,-74.312
21826,45.3702,-74.1249
21833,45.3702,-74.1249
21839,45.3702,-74.1249
21845,45.557057,-73.67179
21882,45.543038,-73.589253
21895,45.522746,-73.856187
21902,45.6442,-73.8448
21908,45.4001,-74.0325
21918,45.479771,-73.571709
21933,45.4858,-73.7433
21945,45.77,-73.6049
21968,45.588092,-73.632292
21975,45.524238,-73.625809
21989,45.5877945,-73.6319355
22004,45.5302,-73.6327
22012,45.5217,-73.6393
22035,45.3691,-73.7216
22046,45.494232,-73.48847
22058,45.5899,-73.6389
22076,45.3702,-74.1249
22096,45.1082,-74.0451
22102,45.635135,-73.835793
22128,45.1956,-73.5695
22144,45.3168,-73.8659
22150,45.4501,-73.2825
22157,45.5779,-73.8809
22163,45.1956,-73.5695
22170,45.4419,-73.7057
22178,45.4001,-74.0325
22190,45.47141,-73.584965
22223,45.4683,-73.8565
22228,45.4487,-73.8167
22233,45.430907,-73.448172
22239,45.433877,-73.438124
22256,45.4501,-73.8659
22262,45.1082,-74.0451
22293,45.7275,-73.7062
22310,45.5583,-73.5701
22323,45.77,-73.6049
22341,45.3526,-73.7305
22356,45.4906,-73.3991
22376,45.4487,-73.8167
22383,45.4487,-73.8167
22390,45.3994,-73.6506
22404,45.532318,-73.568369
22424,45.3702,-74.1249
22441,45.3655,-74.312
22487,45.4865,-73.9092
22504,45.4876,-73.6045
22568,45.437624,-73.810022
22645,45.4001,-74.0325
22651,45.4906,-73.3991
22657,45.484048,-73.561969
22662,45.5834,-73.3325
22682,45.4487,-73.8167
22688,45.5084,-73.8075
22710,45.574,-73.94
22724,45.6656,-73.5367
22753,45.1082,-74.0451
22759,45.4419,-73.7057
22790,45.492955,-73.559308
22809,45.5608435,-73.547509
22819,45.5049,-73.7142
22825,45.3702,-74.1249
22835,45.3655,-74.312
22861,45.4414,-73.4561
22883,45.5362,-73.4721
22891,45.4906,-73.3991
22909,45.3168,-73.8659
22917,45.5263,-73.6649
22930,45.4683,-73.8565
22951,45.5186,-73.5545
22958,45.3702,-74.1249
22971,45.471592,-73.5587845
22983,45.749582,-74.042095
22991,45.7334,-74.1325
22999,45.6383,-73.7975
23013,45.3994,-73.6506
23028,45.4001,-74.0325
23039,45.589157,-73.586853
23052,45.5828705,-73.628143
23084,45.4674,-73.4832
23091,45.505571,-73.4167935
23102,45.7424,-73.6509
23107,45.6095,-73.8378
23114,45.3655,-74.312
23121,45.527011,-73.431277
23136,45.527011,-73.431277
23168,45.267166,-73.69627
23222,45.5438,-73.5927
23227,45.550437,-73.5407105
23238,45.4334,-73.8659
23258,45.1956,-73.5695
23264,45.4001,-74.0325
23269,45.5793,-73.7367
23274,45.505689,-73.553719
23281,45.498,-73.5472
23288,45.52713,-73.627668
23296,45.3655,-74.312
23304,45.5168,-73.6072
23311,45.77,-73.6049
23316,45.1956,-73.5695
23321,45.7424,-73.6509
23327,45.6602,-73.8157
23333,45.4001,-74.0325
23341,45.4334,-73.8659
23370,45.832576,-73.818577
23378,45.5217,-73.6393
23392,45.599585,-73.299543
23410,45.5834,-73.3325
23426,45.6178225,-73.578262
23440,45.7045,-73.9472
23461,45.3655,-74.312
23469,45.4906,-73.3991
23568,45.3655,-74.312
23581,45.49823,-73.5568845
23637,45.5084,-73.8075
23656,45.4001,-74.0325
23661,45.6694,-73.7752
23667,45.550635,-73.652571
23681,45.4737,-73.5882
23694,45.363441,-74.103363
23700,45.6345,-74.1005
23717,45.505843,-73.416636
23742,45.558236,-73.659003
23751,45.4683,-73.8565
23763,45.4414,-73.7749
23784,45.4168,-73.4992
23794,45.3994,-73.6506
23799,45.3702,-74.1249
23806,45.7424,-73.6509
23811,45.3168,-73.8659
23819,45.74835782,-73.64056236
23832,45.5679,-73.4761
23839,45.7,-73.752
23864,45.5526,-73.8507
23882,45.59535,-73.6433595
23888,45.8501,-73.7659
23907,45.5526,-73.8507
23919,45.5879205,-73.5869585
23924,45.4916195,-73.5565185
23966,45.3655,-74.312
23971,45.3655,-74.312
23976,45.1082,-74.0451
23981,45.6753,-73.5016
24009,45.3655,-74.312
24015,45.3655,-74.312
24021,45.724457,-73.4590305
24039,45.8501,-73.7659
24046,45.1082,-74.0451
24071,45.1082,-74.0451
24083,45.5241045,-73.4814605
24089,45.520163,-73.538449
24101,45.6125975,-73.7133195
24126,45.6753,-73.5016
24132,45.3994,-73.6506
24145,45.1082,-74.0451
24152,45.4906,-73.3991
24157,45.4501,-73.2825
24163,45.579615,-73.813551
24181,45.5084,-73.8075
24223,45.6095,-73.8378
24237,45.3168,-73.8659
24243,45.6442,-73.8448
24249,45.3702,-74.1249
24256,45.5694,-73.6221
24264,45.4062,-73.9456
24270,45.5324775,-73.6636415
24276,45.4666595,-73.469467
24298,45.689,-73.8671
24309,45.4674,-73.4832
24321,45.4973,-73.4676
24376,45.5115,-73.5683
24383,45.5186,-73.5545
24395,45.51402,-73.573002
24407,45.516082,-73.5771825
24425,45.516082,-73.5771825
24438,45.6213,-73.7398
24494,45.475357,-73.613268
24502,45.4501,-73.8659
24507,45.4835665,-73.5769805
24534,45.689,-73.8671
24541,45.4168,-73.4992
24548,45.487515,-73.610967
24555,45.2702,-74.0482
24561,45.6694,-73.7752
24567,45.3702,-74.1249
24580,45.1082,-74.0451
24592,45.4062,-73.9456
24626,45.7424,-73.6509
24632,45.726928,-73.682167
24644,45.6656,-73.5367
24654,45.4683,-73.8565
24664,45.496054,-73.553092
24677,45.8232,-73.4294
24684,45.4805,-73.5554
24741,45.543038,-73.589253
24747,45.5183,-73.5023
24753,45.5486,-73.5788
24770,45.507988,-73.745001
24777,45.498,-73.5472
24823,45.581253,-73.6513215
24829,45.85956445,-73.59703373
24844,45.5694,-73.6221
24850,45.84345345,-73.59445166
24894,45.5115,-73.5683
24907,45.6834,-73.4325
24914,45.5073,-73.5082
24922,45.5049,-73.7142
24964,45.5049,-73.7142
24970,45.50379,-73.568024
24989,45.4865,-73.4622
25008,45.407672,-74.196242
25021,45.3691,-73.7216
25034,45.567566,-73.746234
25046,45.517,-73.6831
25063,45.5528,-73.6411
25075,45.5771,-73.6873
25083,45.566475,-73.7470095
25118,45.565425,-73.64641
25129,45.569225,-73.740211
25135,45.478589,-73.6049365
25141,45.569225,-73.740211
25156,45.5073,-73.5082
25161,45.8501,-73.7659
25166,45.7275,-73.7062
25171,45.4001,-74.0325
25181,45.3526,-73.7305
25188,45.8501,-73.7659
25194,45.3702,-74.1249
25201,45.3702,-74.1249
25238,45.718758,-73.6515805
25243,45.7275,-73.7062
25257,45.5724065,-73.577868
25327,45.4683,-73.8565
25332,45.7424,-73.6509
25338,45.4529,-73.6492
25344,45.5779,-73.8809
25352,45.588929,-73.650515
25358,45.5779,-73.8809
25378,45.529664,-73.604458
25397,45.490767,-73.601359
25403,45.621673,-73.839725
25408,45.621673,-73.839725
25430,45.3691,-73.7216
25435,45.4001,-74.0325
25451,45.689,-73.8671
25456,45.4001,-74.0325
25461,45.3994,-73.6506
25469,45.62322,-73.5991835
25480,45.3526,-73.7305
25494,45.513127,-73.602009
25500,45.1956,-73.5695
25506,45.1956,-73.5695
25511,45.2409,-74.1098
25516,45.5899,-73.6389
25533,45.510352,-73.6123655
25556,45.524262,-73.5630795
25568,45.4683,-73.8565
25589,45.4897,-73.7958
25604,45.4334,-73.8659
25674,45.586486,-73.508064
25693,45.4001,-73.5825
25700,45.588192,-73.587702
25707,45.7,-73.752
25725,45.632,-73.5075
25731,45.5186,-73.5545
25757,45.3655,-74.312
25765,45.3655,-74.312
25770,45.532,-73.3437
25777,45.5418,-73.4382
25796,45.6342,-73.5842
25803,45.529999,-73.6100615
25823,45.3691,-73.7216
25829,45.5946,-73.2283
25835,45.1082,-74.0451
25853,45.1956,-73.5695
25858,45.6955635,-73.7538505
25877,45.44125544,-73.49562488
25884,45.749932,-74.119426
25898,45.7275,-73.7062
25905,45.7987,-74.0727
25912,45.484048,-73.561969
25925,45.7987,-74.0727
25943,45.3168,-73.8659
25949,45.58139712,-73.48640377
25961,45.5899,-73.6389
26003,45.4718,-73.621462
26009,45.7275,-73.7062
26016,45.5251005,-73.6720265
26037,45.5334,-73.8159
26077,45.4683,-73.8565
26084,45.420363,-74.131325
26090,45.58679,-73.326465
26101,45.39907307,-73.58958065
26107,45.4501,-73.8659
26113,45.1082,-74.0451
26135,45.1082,-74.0451
26141,45.4683,-73.8565
26146,45.455045,-73.575962
26160,45.3691,-73.7216
26185,45.5354,-73.6061
26219,45.4001,-74.0325
26259,45.670819,-73.425793
26268,45.5946,-73.2283
26274,45.589545,-73.764198
26292,45.4001,-74.0325
26303,45.463799,-73.801536
26316,45.6225,-73.6949
26322,45.5771,-73.6873
26334,45.505765,-73.621023
26343,45.3702,-74.1249
26349,45.3702,-74.1249
26356,45.3702,-74.1249
26363,45.4876,-73.6045
26369,45.3655,-74.312
26376,45.534223,-73.618632
26383,45.3655,-74.312
26389,45.4334,-73.8659
26395,45.1956,-73.5695
26412,45.3655,-74.312
26419,45.6225,-73.6949
26456,45.74841023,-73.64047653
26461,45.5313,-73.7091
26467,45.4897,-73.7958
26474,45.4459,-73.5815
26486,45.5834,-73.3325
26491,45.5168,-73.6072
26521,45.5946,-73.2283
26527,45.512176,-73.218423
26532,45.3655,-74.312
26555,45.6383,-73.7975
26570,45.4001,-74.0325
26591,45.6739,-73.5924
26631,45.4414,-73.7749
26686,45.3655,-74.312
26706,45.3655,-74.312
26713,45.5966,-73.5928
26725,45.3655,-74.312
26732,45.5984,-73.7159
26753,45.490306,-73.623626
26776,45.4001,-74.0325
26792,45.7334,-74.1325
26806,45.7334,-74.1325
26820,45.5049,-73.7142
26828,45.3691,-73.7216
26870,45.5084,-73.8075
26896,45.594593,-73.660095
26908,45.583941,-73.60562
26914,45.4001,-74.0325
26919,45.7,-73.752
26925,45.4001,-74.0325
26936,45.3114,-73.3556
26985,45.4414,-73.7749
27004,45.3655,-74.312
27009,45.632,-73.5075
27014,45.5302,-73.5831
27021,45.5583,-73.5701
27032,45.364894,-73.508107
27099,45.569989,-73.772769
27166,45.3655,-74.312
27174,45.3655,-74.312
27188,45.058714,-73.907022
27193,45.5084,-73.8075
27210,45.783012,-73.979646
27224,45.5501,-73.6992
27239,45.438,-73.6215
27246,45.3702,-74.1249
27252,45.1956,-73.5695
27260,45.6342,-73.5842
27266,45.4334,-73.8659
27273,45.3702,-74.1249
27311,45.4935885,-73.622819
27323,45.5055,-73.8789
27346,45.5297545,-73.5921025
27351,45.529842,-73.592237
27356,45.5302,-73.5831
27361,45.5864,-73.6082
27396,45.632,-73.5075
27419,45.5135,-74.0534
27432,45.3702,-74.1249
27465,45.4577,-73.9162
27471,45.546106,-73.589662
27483,45.430124,-73.6109
27515,45.5573,-73.7725
27552,45.557232,-73.562682
27589,45.637827,-73.8237
27644,45.4683,-73.8565
27660,45.5695165,-73.5419525
27670,45.479818,-73.589625
27676,45.4944765,-73.6193545
27688,45.5780695,-73.5823805
27703,45.498,-73.5472
27715,45.532,-73.3437
27722,45.4455,-73.4841
27735,45.4455,-73.4841
27749,45.7064,-73.6178
27762,45.6095,-73.8378
27768,45.7424,-73.6509
27778,45.5526,-73.8507
27801,45.5065085,-73.7015105
27817,45.5528,-73.6411
27824,45.5049,-73.7142
27846,45.4805,-73.5554
27858,45.4805,-73.5554
27864,45.538473,-73.59643
27942,45.538473,-73.59643
27959,45.5419005,-73.5929565
27977,45.385995,-73.533809
27984,45.5478,-73.7368
27996,45.4419,-73.7057
28004,45.4414,-73.7749
28015,45.571115,-73.457021
28030,45.4805,-73.5554
28044,45.6225,-73.6949
28056,45.3655,-74.312
28091,45.532,-73.3437
28096,45.4001,-74.0325
28104,45.3702,-74.1249
28109,45.6095,-73.8378
28116,45.5984,-73.7159
28128,45.6345,-74.1005
28165,45.4906,-73.3991
28197,45.5528,-73.6411
28215,45.438,-73.6215
28222,45.5583,-73.5701
28235,45.4501,-73.8659
28242,45.3655,-74.312
28248,45.3655,-74.312
28254,45.3691,-73.7216
28260,45.387072,-73.699223
28273,45.5217,-73.6393
28279,45.5135,-74.0534
28287,45.620117,-73.5914765
28295,45.620117,-73.5914765
28301,45.531183,-73.565853
28306,45.1956,-73.5695
28358,45.3655,-74.312
28391,45.4897,-73.6312
28422,45.3168,-73.7492
28428,45.3168,-73.7492
28434,45.5005,-73.5684
28447,45.6168,-73.6492
28455,45.4604,-73.6303
28479,45.544204,-73.781722
28494,45.8501,-73.7659
28521,45.677597,-73.813862
28555,45.4643,-73.5698
28569,45.4414,-73.7749
28606,45.549345,-73.538256
28644,45.3994,-73.6506
28651,45.4683,-73.8565
28663,45.44125544,-73.49562488
28669,45.42192358,-73.49612913
28685,45.42190852,-73.49612913
28692,45.5834,-73.3325
28719,45.492615,-73.475318
28724,45.3655,-74.312
28729,45.4062,-73.9456
28764,45.2832,-73.2792
28770,45.2691,-74.2339
28780,45.4419,-73.7057
28786,45.467078,-73.46962
28792,45.4671,-73.6487
28813,45.4819,-73.6421
28858,45.5864,-73.6082
28864,45.7424,-73.6509
28871,45.435129,-73.4157945
28876,45.4414,-73.4561
28882,45.570398,-73.771676
28888,45.3691,-73.7216
28905,45.3702,-74.1249
28911,45.3168,-73.8659
28918,45.5808,-73.5825
28942,45.2691,-74.2339
28999,45.438,-73.6215
29004,45.5186,-73.5545
29010,45.7395,-73.4588
29027,45.4683,-73.8565
29033,45.4414,-73.7749
29039,45.4876,-73.6045
29057,45.5923843,-73.28972571
29087,45.455971,-73.862368
29093,45.5157865,-73.639864
29100,45.3668,-73.5659
29175,45.478512,-73.760257
29188,45.1956,-73.5695
29194,45.6342,-73.5842
29200,45.532,-73.3437
29208,45.4713895,-73.561554
29214,45.498,-73.5472
29221,45.4168,-73.4992
29229,45.5362,-73.4721
29266,45.521848,-73.5551
29273,45.5186,-73.5545
29285,45.5186,-73.5545
29308,45.5201265,-73.556769
29330,45.3702,-74.1249
29336,45.546704,-73.547932
29342,45.4001,-74.0325
29365,45.5779,-73.8809
29373,45.5135,-74.0534
29400,45.52689,-73.696158
29426,45.5186,-73.5545
29445,45.6739,-73.5924
29450,45.537796,-73.5970615
29457,45.486093,-73.632348
29502,45.5176,-73.5804
29537,45.6442,-73.8448
29561,45.6757,-73.6388
29567,45.4419,-73.7057
29586,45.4501,-73.8659
29598,45.7334,-74.1325
29640,45.532,-73.3437
29679,45.7334,-74.1325
29720,45.3655,-74.312
29725,45.5486,-73.5788
29738,45.518886,-73.704814
29750,45.5049,-73.7142
29808,45.5186,-73.5545
29820,45.6345,-74.1005
29843,45.7,-73.752
29861,45.7064,-73.6178
29867,45.4414,-73.7749
29873,45.7424,-73.6509
29909,45.1082,-74.0451
29915,45.4278115,-72.95453195
29920,45.3655,-74.312
29925,45.3655,-74.312
29931,45.2691,-74.2339
29946,45.477587,-73.583124
29976,45.4529,-73.6492
29982,45.6225,-73.6949
29994,45.4921265,-73.561299
30026,45.1082,-74.0451
30032,45.7064,-73.6178
30038,45.3526,-73.7305
30054,45.4737,-73.5882
30060,45.7064,-73.6178
30085,45.4805,-73.5554
30101,45.4419,-73.7057
30107,45.4062,-73.9456
30124,45.4062,-73.9456
30143,45.3691,-73.7216
30151,45.4001,-74.0325
30166,45.4424,-73.4231
30183,45.5120085,-73.4881745
30208,45.589545,-73.764198
30218,45.53388,-73.604866
30225,45.776352,-73.4061585
30267,45.536043,-73.77406
30272,45.3655,-74.312
30279,45.7275,-73.7062
30297,45.498,-73.5472
30304,45.4402,-73.6747
30321,45.4964,-73.6647
30327,45.4809765,-73.5854715
30333,45.3875425,-73.5095895
30340,45.7643,-73.5036
30348,45.5781385,-73.582387
30399,45.3655,-74.312
30406,45.3655,-74.312
30426,45.378357,-74.045907
30432,45.431363,-73.615906
30440,45.459306,-73.570122
30449,45.4604,-73.6303
30455,45.4501,-73.2825
30462,45.5679,-73.4761
30468,45.3655,-74.312
30476,45.4546,-73.5985
30488,45.5618,-73.599
30504,45.194355,-74.14624
30510,45.464498,-73.579808
30516,45.4062,-73.9456
30557,45.6081085,-73.5276465
30570,45.3655,-74.312
30576,45.5302,-73.5831
30582,45.3655,-74.312
30588,45.5834,-73.3325
30595,45.4062,-73.9456
30601,45.3168,-73.8659
30624,45.79360655,-73.65527645
30630,45.4737,-73.5882
30636,45.4001,-74.0325
30677,45.4594,-73.5501
30683,45.5354,-73.6061
30754,45.4501,-73.8659
30766,45.5984,-73.7159
30784,45.3655,-74.312
30791,45.1082,-74.0451
30811,45.5771,-73.6873
30818,45.3655,-74.312
30837,45.486864,-73.5560575
30864,45.536126,-73.603071
30900,45.3691,-73.7216
30921,45.4001,-74.0325
30926,45.554185,-73.565074
30933,45.4001,-74.0325
30938,45.435129,-73.415802
30943,45.3655,-74.312
30948,45.4897,-73.7958
30953,45.553482,-73.623372
30961,45.5049,-73.7142
30979,45.5049,-73.7142
30985,45.4062,-73.9456
31001,45.5168,-73.6072
31008,45.3702,-74.1249
31029,45.7275,-73.7062
31050,45.1956,-73.5695
31063,45.4424,-73.4231
31075,45.558638,-73.617857
31095,45.3655,-74.312
31103,45.3702,-74.1249
31117,45.5946,-73.2283
31137,45.47922953,-73.75620025
31146,45.7,-73.752
31152,45.5334,-73.8159
31168,45.53388,-73.604866
31186,45.5404055,-73.593246
31242,45.7275,-73.7062
31251,45.498,-73.5472
31257,45.5834,-73.3325
31283,45.3691,-73.7216
31289,45.5307,-73.5547
31301,45.2409,-74.1098
31316,45.5183,-73.5023
31325,45.5984,-73.7159
31338,45.309,-73.219
31356,45.6342,-73.5842
31363,45.4402,-73.6747
31394,45.436522,-73.195883
31406,45.4487,-73.8167
31440,45.5793,-73.7367
31446,45.53007,-73.609922
31451,45.4906,-73.3991
31497,45.492024,-73.561244
31559,45.77,-73.6049
31596,45.5834,-73.3325
31617,45.49621,-73.565387
31626,45.591,-73.4361
31646,45.532,-73.3437
31654,45.532,-73.3437
31661,45.5181,-73.4576
31673,45.498,-73.5472
31704,45.4906,-73.3991
31730,45.4001,-74.0325
31738,45.3655,-74.312
31744,45.583349,-73.622626
31751,45.588237,-73.479486
31766,45.3655,-74.312
31774,45.5374,-73.5735
31807,45.3702,-74.1249
31814,45.5467,-73.6718
31821,45.3702,-74.1249
31828,45.5009,-73.5877
31836,45.5101,-73.6478
31843,45.7395,-73.4588
31849,45.1082,-74.0451
31859,45.850821,-73.5972595
31867,45.6442,-73.8448
31873,45.7045,-73.9472
31905,45.522706,-73.565441
31912,45.702862,-73.663388
31923,45.4897,-73.6312
31928,45.477646,-73.5845335
31960,45.1956,-73.5695
31970,45.3655,-74.312
31982,45.4001,-74.0325
31987,45.3168,-73.7492
31996,45.6225,-73.6949
32008,45.683168,-73.734971
32033,45.4001,-74.0325
32039,45.6097,-73.5794
32049,45.4906,-73.3991
32054,45.3655,-74.312
32060,45.498,-73.5472
32073,45.3702,-74.1249
32083,45.1956,-73.5695
32097,45.598157,-73.583169
32115,45.3655,-74.312
32121,45.4756,-73.8367
32128,45.4001,-74.0325
32141,45.7,-73.752
32153,45.4487,-73.8167
32168,45.4594,-73.5501
32181,45.3168,-73.8659
32194,45.4897,-73.7958
32229,45.4710934,-73.38500747
32236,45.58202,-73.483869
32243,45.51834152,-73.6855811
32250,45.5186,-73.5545
32263,45.3526,-73.7305
32271,45.2702,-74.0482
32277,45.438,-73.6215
32283,45.4001,-74.0325
32295,45.4906,-73.3991
32331,45.4334,-73.8659
32339,45.1956,-73.5695
32346,45.540244,-73.616256
32365,45.7275,-73.7062
32370,45.7424,-73.6509
32376,45.7424,-73.6509
32381,45.3655,-74.312
32399,45.4683,-73.8565
32411,45.5583,-73.5701
32417,45.3526,-73.7305
32430,45.6342,-73.5842
32444,45.4906,-73.3991
32457,45.6946945,-73.6840975
32472,45.46167,-73.463081
32486,45.5585,-73.5386
32500,45.692723,-73.758823
32506,45.473569,-73.5481795
32531,45.346372,-73.703555
32564,45.4001,-74.0325
32582,45.3702,-74.1249
32591,45.476873,-73.671248
32597,45.3702,-74.1249
32603,45.7424,-73.6509
32608,45.7334,-74.1325
32615,45.7334,-74.1325
32623,45.7334,-74.1325
32636,45.5217,-73.6393
32660,45.6168,-73.7825
32674,45.559502,-73.569954
32703,45.2409,-74.1098
32713,45.532,-73.3437
32734,45.6225,-73.6949
32753,45.4858,-73.7433
32760,45.4455,-73.4841
32778,45.5424555,-73.5924835
32786,45.3655,-74.312
32791,45.3702,-74.1249
32804,45.714,-73.5357
32809,45.977839,-73.84986
32816,45.5018,-73.6191
32854,45.577849,-73.582712
32881,45.4683,-73.8565
32887,45.5302,-73.5831
32894,45.3168,-73.7492
32913,45.3668,-73.5659
32918,45.1956,-73.5695
32963,45.5313,-73.7091
32969,45.252935,-74.137169
32996,45.442643,-73.290443
33003,45.1956,-73.5695
33035,45.4001,-74.0325
33041,45.498,-73.5472
33047,45.5418205,-73.5930935
33058,45.5438,-73.5927
33074,45.3691,-73.7216
33080,45.3691,-73.7216
33109,45.820591,-73.751999
33114,45.6225,-73.6949
33121,45.6168,-73.7825
33155,45.3655,-74.312
33169,45.4414,-73.7749
33181,45.5069,-73.8407
33187,45.48239,-73.438338
33209,45.51956,-73.582377
33215,45.530006,-73.563278
33220,45.386598,-73.533996
33226,45.4001,-73.5825
33232,45.1082,-74.0451
33237,45.1082,-74.0451
33259,45.459636,-73.56737
33267,45.1956,-73.5695
33279,45.3691,-73.7216
33283,45.3691,-73.7216
33287,45.3668,-73.5492
33289,45.59810572,-73.70411082
332891,45.65286737,-73.53795001
332892,45.39939368,-73.49184555
332893,45.139322926,-74.07249105
332894,45.58369672,-73.14282641
332895,45.48940667,-73.55192066
33290,45.34940418,-73.69617221
33291,45.72605164,-73.57323217