Date;Heure;Probleme;Name;satisfiedCost;undeliveredCost;travelCost;distanceCost;firstDeliveryCost;clientWaitingCost;driverUsed;underWorkCost;overTimeCost;Depot;runtime
2023-8-1;0:45:35;cq;20201009;3229;0;18199.8;16556.5;65.565;0;133;0;20829.1;8;354987
2023-8-1;0:46:0;cq;20201006;3749.5;0;24844.5;23360.9;40.3413;0;141;0;35717.2;8;380419
2023-8-1;0:47:26;cq;20201010;267;0;745.097;523.463;0;0;13;0;1118.87;1;466062
2023-8-1;0:47:28;cq;20201005;3190;0;20140.2;18679.4;41.6194;0;120;0;32622.2;8;468319
2023-8-1;0:48:8;cq;20201007;2512.5;0;14118.5;12810.9;0;0;126;360;15463.4;8;508327
2023-8-1;0:48:52;cq;20201017;819;0;3456.06;3192.09;0;0;30;0;5849.12;2;354086
2023-8-1;0:49:22;cq;20201024;957.5;0;4194.05;3869.39;0;0;39;0;10109.4;3;379808
2023-8-1;0:49:38;cq;20201016;2060;0;10700.8;9728.12;0;0;120;0;14847.5;8;398048
2023-8-1;0:50:15;cq;20201015;4181;0;25817.5;23748.5;371.57;0;142;0;40526.8;8;435004
2023-8-1;0:51:12;cq;20201023;3837.5;0;23204.6;21362.9;93.4469;0;145;0;37861.3;8;488001
2023-8-1;0:51:17;cq;20201019;3009.5;0;18811.6;17372;0;0;135;360;19226.7;8;493599
2023-8-1;0:51:36;cq;20201104;3919;34.5;25910.2;24282.4;296.641;0;152;180;26308.5;8;307404
2023-8-1;0:51:48;cq;20201031;375;0;1016.51;704.028;0;0;15;0;1407.54;2;319406
2023-8-1;0:51:56;cq;20201027;3592;0;23671.6;22126.4;99.3808;0;157;180;31365.4;8;328467
2023-8-1;0:52:5;cq;20201026;1839.5;0;12297.8;11421.9;0;0;115;360;11242.1;8;337193
2023-8-1;0:52:11;cq;20201003;651.5;0;3702.52;3685.92;0;0;33;360;5747.33;3;751192
2023-8-1;0:53:12;cq;20201102;3078.5;0;22169.2;21098.8;6.58167;0;133;0;20691.8;8;402856
2023-8-1;0:53:47;cq;20201013;1565;0;8358.86;7714.51;0;0;103;180;5732.34;8;847055
2023-8-1;0:54:39;cq;20201105;4080;0;24327.4;22565.1;83.9368;0;148;0;37941.7;8;490639
2023-8-1;0:55:12;cq;20201020;2638;0;16222.1;15442.4;67.26;0;136;0;30810.9;8;727838
2023-8-1;0:55:29;cq;20201112;3684.5;0;21757.9;20092.1;76.8104;0;143;0;30037.6;8;339474
2023-8-1;0:56:10;cq;20201114;388;0;1693.43;1372.05;0;0;18;180;1378.73;2;371437
2023-8-1;0:58:24;cq;20201111;3437.5;0;23603.9;21847.6;43.9215;0;144;0;31683.5;8;513490
2023-8-1;0:58:32;cq;20201002;2951.5;0;17692.7;16362.7;2.29639;0;132;180;24981.3;8;1132474
2023-8-1;0:58:46;cq;20201113;3670.5;0;22234;20648.2;77.9149;0;145;0;21696.1;8;527085
2023-8-1;0:59:4;cq;20201117;3288.5;0;22360.8;20854.8;664.306;0;142;0;28069.5;7;545142
2023-8-1;0:59:4;cq;20201126;2971;0;20987.5;19354.9;456.774;0;135;0;23765.5;7;347117
2023-8-1;0:59:18;cq;20201029;3943.5;0;24541.7;22435.9;152.341;0;153;0;35353.6;8;769703
2023-8-1;0:59:46;cq;20201001;3078;0;19081.5;17930.8;211.692;0;136;0;27527;7;1206464
2023-8-1;1:0:3;cq;20201119;3447.5;0;22366.2;20592.4;318.514;0;144;0;31749.6;8;411209
2023-8-1;1:2:0;cq;20201116;2939.5;0;21403;19558.7;95.0162;0;136;180;25769.5;7;720751
2023-8-1;1:2:33;cq;20201106;3350.5;0;21310.3;19942.2;47.5954;0;143;0;23796.9;8;763007
2023-8-1;1:3:13;cq;20201127;3129.5;0;20200.9;18339.6;46.8293;0;140;2.29833;30943.9;7;593842
2023-8-1;1:4:1;cq;20201010;267;0;745.097;523.463;0;0;13;0;1114.42;1;437564
2023-8-1;1:4:57;cq;20201125;2425;0;18350.9;16819.8;105.466;0;139;180;22244.7;7;698339
2023-8-1;1:5:3;cq;20201121;226.5;0;1243.55;958.349;0;0;13;0;149.37;1;708451
2023-8-1;1:5:22;cq;20201020;2638;0;16080.8;15442.7;81.615;0;136;0;28961.4;8;316257
2023-8-1;1:5:35;cq;20201009;3229;0;18173.6;16541.7;48.8455;0;133;0;23353.2;8;531842
2023-8-1;1:5:41;cq;20201013;1565;0;8379.51;7738.09;0;0;104;0;5004.78;8;338708
2023-8-1;1:6:4;cq;20201107;333.5;0;753.263;471.468;0;0;18;0;496.824;2;973871
2023-8-1;1:6:26;cq;20201019;3009.5;0;18896.3;17488;0;0;137;0;19630.9;8;384363
2023-8-1;1:6:26;cq;20201103;4042.5;0;24113.9;22642.7;224.414;0;146;0;34780.5;8;1197656
2023-8-1;1:7:4;cq;20201022;3428.5;0;24817.8;23596.5;98.8599;0;151;0;39294.3;8;421901
2023-8-1;1:7:4;cq;20201008;4302.5;0;24443.1;22480.9;412.952;0;143;0;38997.8;8;626252
2023-8-1;1:7:6;cq;20201021;1164.5;0;5425.12;4905.33;0;0;73;540;10446;6;420049
2023-8-1;1:7:22;cq;20201023;3837.5;0;24050.7;22220.8;77.6353;0;143;360;42527.1;8;440014
2023-8-1;1:7:51;cq;20201109;1746.5;0;12785.4;11645.8;0;0;98;0;10833.8;7;1081768
2023-8-1;1:8:10;cq;20201005;3190;0;20495.9;18992.7;23.8483;0;120;0;29913.5;8;692032
2023-8-1;1:8:29;cq;20201021;1164.5;0;5398.31;4850.54;0;0;74;360;11234.9;6;1524931
2023-8-1;1:8:32;cq;20201002;2951.5;0;16825.8;15442.9;0;0;133;0;25129.1;8;708796
2023-8-1;1:8:49;cq;20201031;375;0;1017.65;704.599;0;0;15;0;1182.28;2;320763
2023-8-1;1:8:58;cq;20201104;3953.5;0;24872.4;23227.9;230.892;0;152;180;22930.9;8;329018
2023-8-1;1:10:19;cq;20201001;3078;0;19376.4;18216.8;131.614;0;136;0;26160.1;7;820304
2023-8-1;1:10:46;cq;20201014;3471;0;21696.3;20393.7;176.757;0;142;0;30074.6;8;644510
2023-8-1;1:10:47;cq;20201030;3524;0;20004.1;18203.3;24.27;0;153;0;25116;8;1459221
2023-8-1;1:11:23;cq;20201003;651.5;0;3696.69;3683.73;0;0;35;0;8528.97;3;883338
2023-8-1;1:11:35;cq;20201015;4181;0;25415.6;23305.1;147.152;0;142;0;36328.5;8;693240
2023-8-1;1:11:42;cq;20201017;819;0;3386.09;3120.26;0;0;30;0;5153.33;2;699651
2023-8-1;1:12:7;cq;20201102;3078.5;0;21734.8;20561.2;4.91333;0;133;0;20894.7;8;518185
2023-8-1;1:12:24;cq;20201014;3471;0;21872.5;20590.3;99.1621;0;142;0;29981.3;8;1764146
2023-8-1;1:12:48;cq;20201110;3499.5;0;21189.8;19294.5;396.057;0;146;0;27080.8;8;348402
2023-8-1;1:13:2;cq;20201105;4080;0;23988.1;22240.4;160.71;0;148;0;40754.1;8;364736
2023-8-1;1:13:20;cq;20201103;4042.5;0;24074.6;22506.3;205.983;0;146;0;36934.2;8;592109
2023-8-1;1:14:40;cq;20201130;2327.5;0;14656.2;13041.7;12.7898;0;118;0;16094.4;6;1081181
2023-8-1;1:14:48;cq;20201022;3428.5;0;24397.4;23215;58.009;0;151;0;36201.5;8;1904252
2023-8-1;1:15:18;cq;20201112;3684.5;0;21871.4;20166.7;71.5429;0;142;180;28491.4;8;498418
2023-8-1;1:15:21;cq;20201106;3350.5;0;20824.8;19287;30.6026;0;143;0;23287;8;503827
2023-8-1;1:16:12;cq;20201119;3431.5;16;21897.8;20102.3;300.287;0;144;0;32101.6;8;344467
2023-8-1;1:16:48;cq;20201118;3541;0;20988.4;19323.6;379.419;0;141;0;24783.1;8;380383
2023-8-1;1:17:1;cq;20201015;4181;0;25093.3;23005.4;284.616;0;142;0;37774.1;8;318205
2023-8-1;1:17:2;cq;20201020;2638;0;15784;15072.2;81.815;0;135;180;30046.7;8;320628
2023-8-1;1:17:4;cq;20201031;375;0;1018.78;705.17;0;0;15;0;1073.03;2;319225
2023-8-1;1:17:8;cq;20201005;3190;0;20585.3;19154.6;40.8033;0;120;0;31888.4;8;320855
2023-8-1;1:17:15;cq;20201013;1565;0;8353.24;7699.3;0;0;102;360;7332.1;8;332008
2023-8-1;1:17:21;cq;20201002;2951.5;0;17527.3;16182.2;2.555;0;128;900;24278.1;8;333932
2023-8-1;1:17:28;cq;20201128;776;0;2304.42;1682.05;0;0;31;0;4262.77;3;341226
2023-8-1;1:17:28;cq;20201103;4042.5;0;24461.3;22809.5;147.65;0;146;0;33156.9;8;343622
2023-8-1;1:17:38;cq;20201117;3288.5;0;22407.2;20871.9;609.451;0;142;0;27168.3;7;431177
2023-8-1;1:17:44;cq;20201030;3524;0;20179.1;18298;66.1653;0;153;0;24145;8;360237
2023-8-1;1:17:45;cq;20201130;2327.5;0;14930.2;13354;26.6738;0;118;0;16025.7;6;358164
2023-8-1;1:17:45;cq;20201105;4080;0;24426.2;22615.7;61.013;0;148;0;39995.5;8;360963
2023-8-1;1:18:4;cq;20201023;3837.5;0;22818.4;21097.9;102.704;0;145;0;41620.3;8;380661
2023-8-1;1:18:12;cq;20201120;3401.5;0;22703.3;20517.8;35.4228;0;144;0;30758.8;8;464943
2023-8-1;1:18:50;cq;20201128;776;0;2272.45;1651.3;0;0;31;0;2527.89;3;1530699
2023-8-1;1:19:3;cq;20201013;1565;0;8368.45;7701.28;0;0;103;180;6487.98;8;331307
2023-8-1;1:19:6;cq;20201015;4181;0;25799.9;23634.7;201.432;0;142;0;40345.6;8;335217
2023-8-1;1:19:7;cq;20201121;226.5;0;1243.55;958.349;0;0;13;0;148.297;1;444670
2023-8-1;1:19:8;cq;20201119;3428.5;19;22072.5;20299.4;552.03;0;144;0;34697;8;445324
2023-8-1;1:19:9;cq;20201102;3078.5;0;22020.6;20876.4;15.0324;0;133;0;21715;8;443817
2023-8-1;1:19:12;cq;20201008;4302.5;0;24504.6;22475.3;532.643;0;143;0;41408.5;8;449469
2023-8-1;1:19:19;cq;20201010;267;0;745.097;523.463;0;0;13;0;1118.96;1;456057
2023-8-1;1:19:24;cq;20201003;651.5;0;3652.23;3588.39;0;0;33;360;8000.3;3;460828
2023-8-1;1:19:36;cq;20201003;651.5;0;3678.44;3633.27;0;0;33;360;5412.84;3;468818
2023-8-1;1:19:36;cq;20201021;1164.5;0;5435.04;4885.32;0;0;75;180;11089.7;6;474437
2023-8-1;1:19:41;cq;20201127;3129.5;0;20999.7;19224.4;78.6943;0;140;0;33117;7;478670
2023-8-1;1:19:46;cq;20201001;3078;0;19548.3;18381.5;187.675;0;136;0;25015;7;483227
2023-8-1;1:20:0;cq;20201109;1746.5;0;12809.2;11645.1;0;0;98;0;10514.3;7;780396
2023-8-1;1:20:14;cq;20201016;2060;0;10488.9;9573.97;0;0;120;0;14753.4;8;1212055
2023-8-1;1:20:24;cq;20201027;3592;0;23553;22083.5;105.514;0;158;0;31736.3;8;1015369
2023-8-1;1:20:25;cq;20201007;2512.5;0;14037.6;12752.6;0;0;127;180;15926.6;8;521994
2023-8-1;1:20:25;cq;20201026;1839.5;0;12157;11273.8;0;0;116;180;8881.82;8;1017487
2023-8-1;1:20:36;cq;20201007;2512.5;0;13978.8;12704.1;0;0;128;0;14961.3;8;528906
2023-8-1;1:20:54;cq;20201024;957.5;0;4162;3840.67;0;0;37;360;9953.61;3;1045987
2023-8-1;1:20:59;cq;20201026;1839.5;0;12359.4;11476.7;0;0;116;180;11268.2;8;554342
2023-8-1;1:21:2;cq;20201104;3953.5;0;24533.4;22910.1;251.75;0;153;0;25184.2;8;557399
2023-8-1;1:21:15;cq;20201010;267;0;745.097;523.463;0;0;12;180;1105.64;1;464399
2023-8-1;1:21:34;cq;20201007;2512.5;0;14024.2;12767.7;0;0;126;360;16867.4;8;1492595
2023-8-1;1:22:3;cq;20201118;3541;0;20887.5;19328.3;179.236;0;141;0;24480;8;620084
2023-8-1;1:22:4;cq;20201125;2425;0;18375.8;16943.3;63.4964;0;140;0;25041.1;7;696751
2023-8-1;1:22:6;cq;20201114;388;0;1683.39;1366.88;0;0;19;0;1505.39;2;622916
2023-8-1;1:22:6;cq;20201002;2951.5;0;17654.5;16375.9;3.695;0;130;540;22735.9;8;623513
2023-8-1;1:22:12;cq;20201030;3524;0;19819.3;17966.9;38.8788;0;153;0;24193.3;8;307496
2023-8-1;1:22:21;cq;20201102;3078.5;0;21339.8;20156.3;3.33833;0;133;0;21038.5;8;311629
2023-8-1;1:22:23;cq;20201006;3749.5;0;23582.3;21917;27.0283;0;141;0;35580;8;636225
2023-8-1;1:22:34;cq;20201031;375;0;1017.65;704.599;0;0;15;0;1030.43;2;329308
2023-8-1;1:22:34;cq;20201116;2939.5;0;21480.6;19543.5;105.151;0;136;180;26501.6;7;931461
2023-8-1;1:22:36;cq;20201105;4080;0;23429.3;21705.4;139.417;0;148;0;33316.5;8;317191
2023-8-1;1:22:38;cq;20201019;3009.5;0;19199.2;17735;3.84045;0;135;360;19017.2;8;547246
2023-8-1;1:22:43;cq;20201026;1839.5;0;12445.5;11564.9;0;0;116;180;9669.47;8;334179
2023-8-1;1:22:43;cq;20201017;819;0;3420.27;3155.32;0;0;30;0;4988.07;2;552847
2023-8-1;1:23:0;cq;20201016;2060;0;10595.4;9622.38;0;0;119;180;11419.8;8;677023
2023-8-1;1:23:7;cq;20201113;3670.5;0;23626.2;22215.4;149.968;0;145;0;28501.2;8;684457
2023-8-1;1:23:17;cq;20201111;3437.5;0;23433.7;21502.6;105.33;0;144;0;30143;8;693652
2023-8-1;1:23:19;cq;20201110;3499.5;0;21162.3;19324.2;268.246;0;146;0;24281.2;8;339575
2023-8-1;1:23:28;cq;20201110;3499.5;0;21849.6;20033.4;241.373;0;146;0;28398.7;8;2017903
2023-8-1;1:23:33;cq;20201109;1746.5;0;12897.7;11715.3;0;0;97;180;10550.6;7;350938
2023-8-1;1:23:33;cq;20201114;388;0;1702.95;1377.25;0;0;19;0;1412.5;2;321500
2023-8-1;1:23:50;cq;20201107;333.5;0;753.263;471.468;0;0;18;0;376.795;2;1012908
2023-8-1;1:23:53;cq;20201125;2425;0;18460.6;16958.3;78.7517;0;140;0;23944.5;7;729792
2023-8-1;1:24:1;cq;20201027;3542;50;23121.7;21461.9;117.648;0;158;0;28883.4;8;409916
2023-8-1;1:24:29;cq;20201103;4042.5;0;24045.5;22454.7;265.462;0;146;0;32747.7;8;439617
2023-8-1;1:25:4;cq;20201123;2595;0;19536.1;18167.6;86.2194;0;130;0;30061.8;7;1905369
2023-8-1;1:25:14;cq;20201125;2425;0;18156.9;16635.7;21.844;0;140;0;21437.3;7;326533
2023-8-1;1:25:23;cq;20201008;4302.5;0;24975.7;23118.4;325.51;0;143;0;39700.3;8;2743286
2023-8-1;1:25:29;cq;20201119;3447.5;0;21787.2;19985.4;271.734;0;144;0;27954.9;8;371128
2023-8-1;1:25:49;cq;20201127;3129.5;0;20366.9;18507.2;69.2026;0;140;0;29664.3;7;916457
2023-8-1;1:26:1;cq;20201120;3401.5;0;22810.9;20723.5;36.1693;0;144;0;26023;8;394338
2023-8-1;1:26:6;cq;20201121;226.5;0;1243.55;958.349;0;0;13;0;149.37;1;395406
2023-8-1;1:26:15;cq;20201127;3129.5;0;20476;18653;118.218;0;140;0;29322.2;7;344550
2023-8-1;1:26:34;cq;20201124;2685.5;0;17104.4;15286.3;35.3803;0;129;0;25460.6;8;412219
2023-8-1;1:26:58;cq;20201114;388;0;1694.18;1372.34;0;0;19;0;1152.39;2;1191006
2023-8-1;1:27:5;cq;20201024;957.5;0;4162.41;3855.15;0;0;39;0;9184.52;3;598337
2023-8-1;1:27:16;cq;20201130;2327.5;0;14649.2;13077.1;17.6603;0;118;0;16467.3;6;932909
2023-8-1;1:27:30;cq;20201121;226.5;0;1243.55;958.349;0;0;13;0;149.37;1;1023252
2023-8-1;1:27:59;cq;20201002;2951.5;0;16975.4;15592.6;0;0;132;180;23236.7;8;436249
2023-8-1;1:27:59;cq;20201107;333.5;0;753.263;471.468;0;0;18;0;425.115;2;974669
2023-8-1;1:28:14;cq;20201021;1164.5;0;5468.02;4912.83;0;0;76;0;12634;6;666229
2023-8-1;1:28:17;cq;20201005;3190;0;20047.2;18548.7;39.4706;0;120;0;30767.4;8;993907
2023-8-1;1:28:19;cq;20201009;3229;0;19052.3;17394.8;20.6139;0;132;180;26679.2;8;996127
2023-8-1;1:28:29;cq;20201024;957.5;0;4152.89;3848.43;0;0;39;0;12105.1;3;306352
2023-8-1;1:28:33;cq;20201010;267;0;745.097;523.463;0;0;13;0;1101.64;1;463611
2023-8-1;1:28:38;cq;20201029;3943.5;0;23478.8;21349.9;10.34;0;152;180;31271.3;8;1012844
2023-8-1;1:28:38;cq;20201019;3009.5;0;19928.1;18544.1;12.0028;0;137;0;22240;8;369080
2023-8-1;1:28:42;cq;20201022;3428.5;0;24961.7;23700;65.3739;0;151;0;36400.7;8;335083
2023-8-1;1:28:55;cq;20201028;3089.5;0;22374.9;20911.9;589.717;0;149;0;20725.5;7;702994
2023-8-1;1:28:57;cq;20201028;3089.5;0;22066.3;20593.9;762.143;0;149;0;21984.1;7;315716
2023-8-1;1:29:9;cq;20201001;3078;0;19213.2;17990.8;209.961;0;136;0;26626;7;1041950
2023-8-1;1:29:13;cq;20201027;3592;0;23737.2;22199.4;150.624;0;158;0;33464.7;8;328282
2023-8-1;1:29:15;cq;20201006;3749.5;0;24371.4;22751.4;26.6344;0;141;0;33243.4;8;1954506
2023-8-1;1:29:37;cq;20201031;375;0;1016.51;704.028;0;0;15;0;1324.87;2;316301
2023-8-1;1:29:45;cq;20201102;3078.5;0;21757.8;20592.5;12.5006;0;133;0;22130.6;8;321607
2023-8-1;1:29:45;cq;20201003;651.5;0;3703.78;3687.46;0;0;35;0;7905.14;3;541420
2023-8-1;1:29:45;cq;20201104;3953.5;0;24919;23325.2;375.415;0;152;180;25801.9;8;326073
2023-8-1;1:29:51;cq;20201110;3499.5;0;21145;19237.1;291.003;0;146;0;25799.3;8;331960
2023-8-1;1:29:53;cq;20201128;776;0;2304.22;1671.81;0;0;31;0;3033.56;3;550934
2023-8-1;1:30:1;cq;20201109;1746.5;0;12953.9;11760.7;0;0;97;180;11388.4;7;341301
2023-8-1;1:30:10;cq;20201026;1839.5;0;12254.1;11372.4;0;0;114;540;10232;8;401955
2023-8-1;1:30:25;cq;20201013;1565;0;8339.31;7667.27;0;0;102;360;5972.67;8;556054
2023-8-1;1:30:42;cq;20201112;3684.5;0;22124.9;20439.2;139.463;0;141;360;32506.5;8;322754
2023-8-1;1:30:47;cq;20201027;3592;0;23362.6;21856.7;87.3021;0;158;0;34156.4;8;1142673
2023-8-1;1:31:13;cq;20201105;4080;0;24175.3;22477;147.322;0;148;0;37016.6;8;414497
2023-8-1;1:31:15;cq;20201029;3943.5;0;24544.9;22440.6;83.9823;0;153;0;35089.2;8;848409
2023-8-1;1:31:25;cq;20201017;819;0;3384.47;3118.56;0;0;30;0;4986.19;2;546677
2023-8-1;1:31:46;cq;20201015;4181;0;25142.3;22965.1;303.278;0;142;0;39464.9;8;568947
2023-8-1;1:31:52;cq;20201030;3524;0;20562.2;18746.2;57.0378;0;153;0;24558.5;8;453933
2023-8-1;1:32:0;cq;20201005;3190;0;20337.1;18945.1;95.4499;0;120;0;34503.1;8;679278
2023-8-1;1:32:6;cq;20201014;3471;0;21792.4;20437.9;113.649;0;142;0;30691.6;8;1223237
2023-8-1;1:32:25;cq;20201016;2060;0;10537.8;9632.94;0;0;118;360;12582.2;8;608137
2023-8-1;1:32:27;cq;20201017;819;0;3386.09;3120.26;0;0;30;0;4841.99;2;1244163
2023-8-1;1:32:28;cq;20201118;3541;0;20933.3;19385.6;271.876;0;141;0;24560.1;8;792748
2023-8-1;1:33:0;cq;20201114;388;0;1687.25;1370.01;0;0;19;0;555.085;2;412861
2023-8-1;1:33:10;cq;20201008;4302.5;0;24451.4;22499.9;432.911;0;143;0;41433.5;8;748678
2023-8-1;1:33:24;cq;20201109;1746.5;0;12814.8;11655.2;0;0;98;0;10238;7;1300997
2023-8-1;1:33:25;cq;20201124;2685.5;0;16922.4;15146.2;87.3103;0;129;0;27622.3;8;329857
2023-8-1;1:33:32;cq;20201029;3943.5;0;24742.2;22598.9;106.631;0;153;0;36099.2;8;1803583
2023-8-1;1:33:37;cq;20201124;2685.5;0;17002.6;15220.8;44.6026;0;128;180;28558.4;8;1389655
2023-8-1;1:33:49;cq;20201016;2060;0;10559.3;9613.33;0;0;120;0;15222;8;1218001
2023-8-1;1:34:7;cq;20201024;957.5;0;4089.28;3749.93;0;0;39;0;8688.64;3;1342598
2023-8-1;1:34:12;cq;20201126;2971;0;20599.8;19136.7;268.677;0;135;0;21489.9;7;1349608
2023-8-1;1:34:16;cq;20201127;3129.5;0;20477.2;18646.1;84.0802;0;140;0;30404.3;7;378876
2023-8-1;1:34:18;cq;20201111;3437.5;0;22894.7;21141.6;71.353;0;144;0;27969.8;8;579910
2023-8-1;1:34:20;cq;20201123;2595;0;18889.2;17486.3;138.491;0;128;360;27724.1;7;384758
2023-8-1;1:34:37;cq;20201009;3229;0;17791;16080.8;21.9767;0;133;0;23575.3;8;1265724
2023-8-1;1:34:50;cq;20201116;2939.5;0;21053.8;19190.7;138.93;0;136;180;25384.8;7;518511
2023-8-1;1:35:7;cq;20201107;333.5;0;753.263;471.468;0;0;18;0;448.346;2;1053176
2023-8-1;1:35:23;cq;20201124;2685.5;0;17485.8;15806.7;48.0138;0;128;180;29870.6;8;2524360
2023-8-1;1:35:53;cq;20201113;3670.5;0;22740.3;21361.1;55.448;0;145;0;26690.6;8;617713
2023-8-1;1:36:5;cq;20201121;226.5;0;1243.55;958.349;0;0;13;0;162.388;1;490173
2023-8-1;1:36:18;cq;20201124;2685.5;0;17164.1;15361.5;27.9537;0;128;180;28008.7;8;1474934
2023-8-1;1:36:27;cq;20201126;2971;0;20901.9;19351.6;378.202;0;135;0;20499;7;511853
2023-8-1;1:36:34;cq;20201130;2327.5;0;14429.5;12805.2;7.75333;0;118;0;16415.1;6;952029
2023-8-1;1:36:47;cq;20201113;3670.5;0;23606.7;22056.6;155.277;0;145;0;28872.9;8;1130341
2023-8-1;1:36:48;cq;20201128;776;0;2287.09;1669.61;0;0;31;0;3277.14;3;1505343
2023-8-1;1:37:29;cq;20201120;3401.5;0;23213.9;21043.7;46.1233;0;144;0;29981.6;8;574873
2023-8-1;1:37:35;cq;20201116;2939.5;0;21604.8;19748.5;99.338;0;137;0;26785.2;7;1093738
2023-8-1;1:37:42;cq;20201020;2638;0;16553.8;15920.5;57.583;0;136;0;33949.1;8;909002
2023-8-1;1:38:15;cq;20201106;3350.5;0;21670.6;20192.3;19.0892;0;143;0;22270.4;8;1252150
2023-8-1;1:38:52;cq;20201008;4302.5;0;24156.3;22214.3;368.361;0;143;0;42300;8;1521479
2023-8-1;1:39:1;cq;20201023;3837.5;0;24169.8;22463;115.902;0;145;0;40786.9;8;1314987
2023-8-1;1:39:18;cq;20201126;2971;0;20675.4;19188.6;248.338;0;134;180;20109.1;7;1730514
2023-8-1;1:40:1;cq;20201130;2327.5;0;14637.4;13008.8;20.8363;0;118;0;18593;6;725293
2023-8-1;1:40:27;cq;20201022;3428.5;0;24264.3;22924.4;48.6556;0;150;180;33358.9;8;1400224
2023-8-1;1:40:36;cq;20201009;3229;0;18120.2;16538.5;19.845;0;133;0;24059.1;8;1194004
2023-8-1;1:40:43;cq;20201103;4042.5;0;23668.2;22167.8;211.465;0;146;0;32914.3;8;983846
2023-8-1;1:40:54;cq;20201107;333.5;0;753.263;471.468;0;0;18;0;382.779;2;994651
2023-8-1;1:41:6;cq;20201019;3009.5;0;18802.8;17373.8;0;0;135;360;20283.6;8;1764148
2023-8-1;1:41:22;cq;20201112;3684.5;0;21675.7;19973.5;10.6098;0;143;0;28921.7;8;1404950
2023-8-1;1:41:45;cq;20201125;2425;0;18445.1;16950.3;103.303;0;140;0;25000.2;7;826784
2023-8-1;1:41:52;cq;20201006;3749.5;0;24183.4;22664;23.6517;0;141;0;37783.9;8;1271279
2023-8-1;1:42:31;cq;20201120;3401.5;0;22822.1;20567.3;4.45;0;143;180;30199.6;8;1848055
2023-8-1;1:43:17;cq;20201117;3288.5;0;22023.6;20369.5;690.816;0;142;0;28601.5;7;1014706
2023-8-1;1:43:33;cq;20201021;1164.5;0;5407.95;4864.68;0;0;73;540;9783.43;6;1247715
2023-8-1;1:44:27;cq;20201028;3089.5;0;22489.9;20988.6;532.411;0;148;180;22035.7;7;2458806
2023-8-1;1:45:5;cq;20201113;3670.5;0;23062.8;21542.8;61.2831;0;145;0;25871.7;8;2285177
2023-8-1;1:45:9;cq;20201001;3078;0;18997.2;17892.9;185.407;0;136;0;25803.7;7;1466984
2023-8-1;1:45:31;cq;20201118;3541;0;21311.3;19708.4;323.528;0;141;0;26017.9;8;1130842
2023-8-1;1:47:58;cq;20201128;776;0;2287.09;1669.61;0;0;31;0;1825.11;3;1202053
2023-8-1;1:48:14;cq;20201119;3447.5;0;22422.2;20657.8;268.877;0;144;0;34993.4;8;1252232
2023-8-1;1:49:7;cq;20201111;3437.5;0;23184.2;21466.2;83.2648;0;144;0;29536.1;8;1874580
2023-8-1;1:50:1;cq;20201014;3471;0;22150.1;20896.2;122.612;0;142;0;28900.3;8;2191085
2023-8-1;1:50:44;cq;20201106;3350.5;0;20887.2;19399.4;18.2339;0;143;0;23060.9;8;2339620
2023-8-1;1:58:7;cq;20201022;3428.5;0;24879.6;23680.9;64.4307;0;151;0;37929.7;8;2785450
2023-8-1;1:59:46;cq;20201126;2971;0;21510;19961.8;244.476;0;135;0;22660.9;7;2393800
2023-8-1;2:0:54;cq;20201028;3089.5;0;22678.5;21242.2;420.276;0;148;180;22731.6;7;4465935
2023-8-1;2:1:35;cq;20201123;2595;0;18706.5;17273.2;48.8764;0;129;180;26432.2;7;3067182
2023-8-1;2:2:35;cq;20201006;3749.5;0;23975.3;22375.7;20.9396;0;141;0;34045.1;8;3051997
2023-8-1;2:2:59;cq;20201112;3684.5;0;22177.2;20564.7;23.6664;0;142;180;29724.8;8;3075922
2023-8-1;2:4:42;cq;20201117;3288.5;0;22242.8;20656.2;516.112;0;142;0;26591.1;7;3179452
2023-8-1;2:4:49;cq;20201030;3524;0;20249.8;18485.1;39.7418;0;153;0;25094.6;8;3680414
2023-8-1;2:8:1;cq;20201007;2512.5;0;13850.3;12554;0;0;128;0;16553.2;8;2840666
2023-8-1;2:11:26;cq;20201117;3288.5;0;22305.4;20753.1;544.447;0;142;0;26936.6;7;3130116
2023-8-1;2:17:20;cq;20201104;3953.5;0;25145.5;23498;108.334;0;153;0;25403.9;8;3602143
2023-8-1;2:20:35;cq;20201123;2595;0;18606.1;17115.7;27.2179;0;130;0;29403.2;7;4132272
2023-8-1;2:31:15;cq;20201116;2939.5;0;20967.5;19100.3;103.877;0;137;0;25869.3;7;4771775
2023-8-1;2:56:5;cq;20201014;3471;0;21825.3;20532.8;126.114;0;142;0;30374.3;8;5686240
2023-8-1;3:5:12;cq;20201118;3541;0;20897.2;19230;188.664;0;141;0;27792.8;8;7919982
2023-8-1;3:6:23;cq;20201120;3401.5;0;22521.5;20256.5;3.68599;0;144;0;31780.1;8;7989329
2023-8-1;3:9:16;cq;20201106;3350.5;0;21285.1;19868.2;13.6153;0;142;180;23580.7;8;6296874
2023-8-1;3:27:6;cq;20201023;3837.5;0;23689.5;22000.6;44.9148;0;144;180;40013.8;8;7432158
2023-8-1;3:27:21;cq;20201111;3437.5;0;23287.4;21404.9;44.131;0;142;360;27646.1;8;8421269
2023-8-1;3:29:30;cq;20201110;3499.5;0;21071.2;19233;227.954;0;146;0;26200.8;8;8267223
2023-8-1;4:11:17;cq;20201010;267;0;745.097;523.463;0;0;13;0;2121.59;1;6615
2023-8-1;4:16:24;cq;20201010;267;0;745.097;523.463;0;0;13;0;1460.87;1;9571
2023-8-1;4:18:2;cq;20201010;267;0;745.097;523.463;6.78048;0;13;0;1092.64;1;1174
2023-8-1;4:18:30;cq;20201010;267;0;745.097;523.463;0;0;13;0;816.537;1;1381
2023-8-1;4:20:4;cq;20201010;267;0;745.097;523.463;50.3164;0;7;1080;870.622;1;1403
2023-8-1;4:21:2;cq;20201010;267;0;745.097;523.463;40.6021;0;6;1260;939.109;1;1397
2023-8-1;4:21:38;cq;20201010;267;0;745.097;523.463;44.5333;0;7;1080;712.597;1;1441
2023-8-1;4:21:47;cq;20201010;267;0;745.097;523.463;2.83643;0;8;900;733.608;1;1366
2023-8-1;4:24:3;cq;20201010;267;0;745.097;523.463;13.6236;0;7;1080;684.939;1;13934
2023-8-1;4:25:9;cq;20201010;267;0;745.097;523.463;0;0;13;0;811.225;1;26243
2023-8-1;4:25:34;cq;20201010;267;0;745.097;523.463;0;0;13;0;811.225;1;1381
2023-8-1;4:26:10;cq;20201010;267;0;745.097;523.463;0;0;13;0;722.05;1;1467
2023-8-1;4:27:11;cq;20201010;267;0;745.097;523.463;0;0;13;0;1024.28;1;33509
2023-8-1;4:27:49;cq;20201010;267;0;745.097;523.463;0;0;13;0;574.877;1;1477
2023-8-1;4:28:7;cq;20201010;267;0;745.097;523.463;0;0;13;0;590.537;1;1368
2023-8-1;4:28:15;cq;20201010;267;0;745.097;523.463;0;0;13;0;626.792;1;1375
2023-8-1;4:28:23;cq;20201010;267;0;745.097;523.463;0;0;13;0;620.708;1;1407
2023-8-1;4:30:43;cq;20201010;267;0;745.097;523.463;0;0;13;0;592.02;1;1395
2023-8-1;4:30:49;cq;20201010;267;0;745.097;523.463;0;0;13;0;587.68;1;1352
2023-8-1;4:31:0;cq;20201010;267;0;745.097;523.463;0;0;13;0;646.792;1;1355
2023-8-1;4:33:41;cq;20201010;267;0;745.097;523.463;0;0;13;0;815.447;1;1455
2023-8-1;4:34:24;cq;20201010;267;0;745.097;523.463;0;0;13;0;570.537;1;1397
2023-8-1;4:35:42;cq;20201010;267;0;745.097;523.463;0;0;13;0;576.251;1;1394
2023-8-1;4:35:54;cq;20201010;267;0;745.097;523.463;0;0;13;0;592.02;1;1368
2023-8-1;4:36:9;cq;20201010;267;0;745.097;523.463;0;0;13;0;570.537;1;3809
2023-8-1;4:36:53;cq;20201010;267;0;745.097;523.463;0;0;13;0;565.936;1;3707
2023-8-1;4:38:20;cq;20201121;226.5;0;1243.55;958.349;6.1319;0;13;0;130.936;1;4866
2023-8-1;4:38:51;cq;20201121;226.5;0;1243.55;958.349;6.1319;0;13;0;130.936;1;4976
2023-8-1;4:39:25;cq;20201121;226.5;0;1243.55;958.349;0.934286;0;13;0;268.224;1;21679
2023-8-1;4:40:35;cq;20201121;226.5;0;1243.55;958.349;2.61048;0;13;0;248.47;1;21680
2023-8-1;4:46:47;cq;20201104;3953.5;0;25775.4;24136.6;156.23;0;153;0;25650.2;8;312846
2023-8-1;4:58:5;cq;20201010;267;0;745.097;523.463;0;0;13;0;672.367;1;6904
2023-8-1;5:16:19;cq;20201008;4302.5;0;24436.7;22398;451.556;0;142;180;38670;8;409398
