Date;Heure;Probleme;Name;satisfiedCost;undeliveredCost;travelCost;distanceCost;firstDeliveryCost;maxfirstDelivery;clientWaitingCost;driverUsed;underWorkCost;overTimeCost;Depot;runtime;MAX_OVERTIME;INTRA_ORDER_DELIVERY;INTER_ORDER_DELIVERY;FIRST_DEL_MAX_ARRIVAL;LOCAL_SEARCH;NO_SHIFT_LIMIT;TIME_LIMIT
2023-8-16;9:50:34;cq;20201121;226.5;0;1243.55;958.349;6.1319;6.1319;0;13;0;0;1;542314;120;20;25;60;0;0;3600000
2023-8-16;9:51:8;cq;20201010;267;0;745.097;523.463;0;0;0;13;0;0;1;566733;120;20;25;60;0;0;3600000
2023-8-16;9:51:11;cq;20201107;333.5;0;753.263;471.468;0;0;0;18;94.892;0;2;582092;120;20;25;60;0;0;3600000
2023-8-16;9:51:54;cq;20201114;388;0;1735.08;1412.65;8.02667;7.87024;0;19;365.904;0;2;624377;120;20;25;60;0;0;3600000
2023-8-16;9:57:19;cq;20201031;375;0;1015.38;703.456;0;0;0;15;181.256;0;2;942165;120;20;25;60;0;0;3600000
2023-8-16;9:57:38;cq;20201003;613.5;0;3834.68;3875.62;49.7783;22.1267;0;29;35.4867;163.888;3;967686;120;20;25;60;0;0;3600000
2023-8-16;10:21:41;cq;20201021;1160.5;0;5990.4;5504.94;56.4359;17.5617;0;72;2622.6;451.576;6;2409983;120;20;25;60;0;0;3600000
2023-8-16;10:23:56;cq;20201121;226.5;0;1243.55;958.349;6.1319;6.1319;0;13;0;0;1;524168;120;20;25;60;0;0;3600000
2023-8-16;10:24:32;cq;20201010;267;0;745.097;523.463;0;0;0;13;0;0;1;560514;120;20;25;60;0;0;3600000
2023-8-16;10:28:34;cq;20201107;333.5;0;753.263;471.468;0;0;0;18;151.755;0;2;594006;120;20;25;60;0;0;3600000
2023-8-16;10:29:6;cq;20201114;388;0;1742.19;1419.96;8.02667;7.87024;0;19;209.769;0;2;626830;120;20;25;60;0;0;3600000
2023-8-16;10:34:28;cq;20201031;375;0;1015.38;703.456;0;0;0;15;221.395;31.401;2;935119;120;20;25;60;0;0;3600000
2023-8-16;10:35:0;cq;20201003;613.5;0;3949.08;3968.13;49.7783;22.1267;0;28;471.302;394.664;3;977917;120;20;25;60;0;0;3600000
2023-8-16;10:41:35;cq;20201024;937.5;0;4347.04;4020.26;0;0;0;35;322.91;958.764;3;3604124;120;20;25;60;0;0;3600000
2023-8-16;10:41:36;cq;20201128;776;0;2580.33;1963.09;0;0;0;31;450.573;576.178;3;3604744;120;20;25;60;0;0;3600000
2023-8-16;10:41:55;cq;20201013;1565;0;9203.19;8592.25;49.1274;26.2367;0;101;3129.9;105.619;8;3625594;120;20;25;60;0;0;3600000
2023-8-16;10:44:42;cq;20201002;2893.5;0;17241.4;15994.7;839.917;51.3125;0;131;2144.95;1340.21;8;3606788;120;20;25;60;0;0;3600000
2023-8-16;10:44:42;cq;20201124;2672.5;13;16782.5;15108.5;768.57;59.9583;0;128;1919.12;2003.42;8;3605668;120;20;25;60;0;0;3600000
2023-8-16;10:44:43;cq;20201020;2673;0;17141.7;16561.5;738.212;55.9533;0;129;2589.63;3245.08;8;3606753;120;20;25;60;0;0;3600000
2023-8-16;10:44:44;cq;20201026;1839.5;0;13001.8;12189.9;86.4029;38.0633;0;116;2589.19;647.622;8;3606685;120;20;25;60;0;0;3600000
2023-8-16;10:44:45;cq;20201123;2595;0;19099.4;17697;679.923;55.874;0;128;1181.81;2724.91;7;3607116;120;20;25;60;0;0;3600000
2023-8-16;10:44:46;cq;20201016;2060;0;11838.9;11017.7;315.337;37.7617;0;106;3672.09;950.671;8;3611091;120;20;25;60;0;0;3600000
2023-8-16;10:44:47;cq;20201007;2512.5;0;15078.8;13891.5;30.3674;14.5233;0;127;1912.9;632.633;8;3610024;120;20;25;60;0;0;3600000
2023-8-16;10:44:48;cq;20201109;1746.5;0;13475.3;12406.5;153.77;39.7233;0;94;1558.32;979.189;7;3610920;120;20;25;60;0;0;3600000
2023-8-16;10:44:50;cq;20201130;2327.5;0;15016.7;13523.7;385.269;28.8433;0;117;1762.1;1372.28;6;3608603;120;20;25;60;0;0;3600000
2023-8-16;10:44:59;cq;20201125;2425;0;18332.2;16999;793.949;58.3417;0;137;1603;2358.39;7;3621379;120;20;25;60;0;0;3600000
2023-8-16;10:47:57;cq;20201126;2939.5;31.5;21527.9;20338.8;1165.6;58.8217;0;133;1545.73;1602.37;7;3606684;120;20;25;60;0;0;3600000
2023-8-16;10:47:57;cq;20201106;3307;43.5;22498.6;21243.6;1785.19;58.775;0;141;916.813;3037.42;8;3606830;120;20;25;60;0;0;3600000
2023-8-16;10:47:57;cq;20201120;3307.5;94;23694.3;21800.1;1508.33;59.6458;0;140;1225.11;2545.86;8;3606793;120;20;25;60;0;0;3600000
2023-8-16;10:47:58;cq;20201030;3478;35;22175.6;20409.7;1004.24;58.16;0;149;1301.19;2998.47;8;3607117;120;20;25;60;0;0;3600000
2023-8-16;10:47:59;cq;20201116;2894.5;45;23315.7;21712.9;1255.08;59.8517;0;137;729.166;3048.63;7;3608778;120;20;25;60;0;0;3600000
2023-8-16;10:47:59;cq;20201111;3437.5;0;24625.3;23067.5;911.685;52.9233;0;143;1859.71;3746.61;8;3606287;120;20;25;60;0;0;3600000
2023-8-16;10:47:59;cq;20201014;3471;0;23135.2;22037.8;748.35;50.5665;0;137;176.896;4142.8;8;3608987;120;20;25;60;0;0;3600000
2023-8-16;10:48:2;cq;20201102;3078.5;0;22194.4;21146.8;420.56;57.1456;0;132;333.843;2848.16;8;3611810;120;20;25;60;0;0;3600000
2023-8-16;10:48:1;cq;20201110;3480.5;19;23689.4;21967.1;1419.11;59.2722;0;142;720.03;4318.06;8;3610874;120;20;25;60;0;0;3600000
2023-8-16;10:48:21;cq;20201009;3229;0;18342.3;16821.4;1066.25;57.885;0;129;1340.14;2822.96;8;3627832;120;20;25;60;0;0;3600000
2023-8-16;10:51:9;cq;20201121;226.5;0;1243.55;958.349;0;0;0;13;0;0;1;3603156;120;20;25;60;1;0;3600000
2023-8-16;10:51:13;cq;20201006;3624;115.5;23216.6;21839.1;867.151;57.225;0;137;1217.2;4647.16;8;3607218;120;20;25;60;0;0;3600000
2023-8-16;10:51:15;cq;20201010;267;0;745.097;523.463;0;0;0;13;0;0;1;3605025;120;20;25;60;1;0;3600000
2023-8-16;10:51:18;cq;20201104;3917.5;36;25143.7;23757.5;1168.04;59.2822;0;148;881.435;4136.89;8;3610489;120;20;25;60;0;0;3600000
2023-8-16;10:51:19;cq;20201029;3946.5;0;27001.7;25096;2043.92;59.7541;0;150;483.713;5190.43;8;3611571;120;20;25;60;0;0;3600000
2023-8-16;10:51:21;cq;20201118;3541;0;21415.7;19903.6;1274.09;57.4579;0;139;838.41;4526.19;8;3606337;120;20;25;60;0;0;3600000
2023-8-16;10:51:22;cq;20201031;375;0;1016.51;704.028;0;0;0;15;310.328;90.105;2;3614749;120;20;25;60;1;0;3600000
2023-8-16;10:51:22;cq;20201113;3670.5;0;24245.1;22889.9;1400.26;56.3;0;144;933.574;4644.52;8;3607452;120;20;25;60;0;0;3600000
2023-8-16;10:51:31;cq;20201107;333.5;0;753.263;471.468;0;0;0;18;242.314;0;2;3625045;120;20;25;60;1;0;3600000
2023-8-16;10:51:37;cq;20201112;3684.5;0;25223.2;23736;1372.62;55.7567;0;142;163.928;5257.63;8;3624268;120;20;25;60;0;0;3600000
2023-8-16;10:54:36;cq;20201021;1160.5;0;5951.08;5452.43;9.63611;3.47667;22;72;2623.4;456.98;6;3605521;120;20;25;60;1;0;3600000
2023-8-16;10:54:37;cq;20201109;1746.5;0;14318.3;13272.4;83.9716;29.5733;0;93;1292.65;1455.54;7;3605270;120;20;25;60;1;0;3600000
2023-8-16;10:54:43;cq;20201114;388;0;1789.86;1449.62;0;0;0;19;13.265;271.1;2;3611304;120;20;25;60;1;0;3600000
2023-8-16;10:54:45;cq;20201013;1565;0;9367.46;8758.71;40.71;24.4367;10;100;3020.78;813.351;8;3613001;120;20;25;60;1;0;3600000
2023-8-16;10:54:48;cq;20201016;2060;0;12320.8;11583.9;156.961;50.6183;0;114;2502.35;1085.29;8;3609579;120;20;25;60;1;0;3600000
2023-8-16;10:54:59;cq;20201026;1839.5;0;13953.5;13202.4;48.575;9.63667;0;116;2017.44;622.243;8;3631368;120;20;25;60;1;0;3600000
2023-8-16;10:55:14;cq;20201128;776;0;2321.35;1726.77;0;0;0;29;600.588;603.605;3;3641026;120;20;25;60;1;0;3600000
2023-8-16;10:55:15;cq;20201130;2327.5;0;15630.3;14147.2;77.6364;13.77;0;117;1596.64;1663.88;6;3638424;120;20;25;60;1;0;3600000
2023-8-16;10:55:47;cq;20201024;937.5;0;4189.46;3798.16;0;0;0;34;277.38;871.977;3;3673013;120;20;25;60;1;0;3600000
2023-8-16;10:56:15;cq;20201003;613.5;0;3706.2;3653.08;48.185;23.775;12;28;353.891;201.109;3;3696247;120;20;25;60;1;0;3600000
2023-8-16;10:57:53;cq;20201021;1160.5;0;6084.38;5621.93;53.6772;17.5617;0;69;3102.6;432.472;6;2353819;120;20;25;60;0;0;3600000
2023-8-16;10:57:59;cq;20201007;2512.5;0;15549.8;14299.7;11.7743;5.05932;0;126;1540.32;2018.05;8;3614291;120;20;25;60;1;0;3600000
2023-8-16;10:58:1;cq;20201020;2673;0;18703.4;18011.4;236.749;39.9817;0;132;1591.89;2306.68;8;3610354;120;20;25;60;1;0;3600000
2023-8-16;10:58:10;cq;20201102;3078.5;0;23136.6;22225.3;253.505;49.4367;0;132;518.458;3910.82;8;3618962;120;20;25;60;1;0;3600000
2023-8-16;10:58:14;cq;20201009;3229;0;21231.4;19651;332.873;51.8217;0;129;598.541;3959.3;8;3625660;120;20;25;60;1;0;3600000
2023-8-16;10:58:6;cq;20201123;2595;0;19259.5;17892.9;250.359;27.945;0;128;1265.86;2814.88;7;3621809;120;20;25;60;1;0;3600000
2023-8-16;10:58:15;cq;20201002;2893.5;0;17991.9;16728.1;221.255;49.4567;0;130;1403.3;2676.24;8;3629901;120;20;25;60;1;0;3600000
2023-8-16;10:58:24;cq;20201124;2685.5;0;17540;15922.1;408.273;48.6667;0;128;1161.39;2496.18;8;3638533;120;20;25;60;1;0;3600000
2023-8-16;10:58:30;cq;20201125;2425;0;18397.7;17000.6;403.83;55.4883;0;136;2058.06;2001.84;7;3642672;120;20;25;60;1;0;3600000
2023-8-16;10:58:36;cq;20201126;2971;0;22802.4;21529.3;1142.93;55.345;0;133;284.786;1494.13;7;3650183;120;20;25;60;1;0;3600000
2023-8-16;10:58:37;cq;20201116;2939.5;0;22959.1;21324.2;634.552;59.1;0;137;836.51;3736.49;7;3651945;120;20;25;60;1;0;3600000
2023-8-16;11:1:7;cq;20201014;3471;0;21686.7;20408.9;289.813;45.6183;0;135;917.744;3752.81;8;3604833;120;20;25;60;1;0;3600000
2023-8-16;11:1:17;cq;20201120;3401.5;0;24623;22546;1008.22;59.236;0;138;1323.77;3133.14;8;3615574;120;20;25;60;1;0;3600000
2023-8-16;11:1:23;cq;20201006;3739.5;0;25652.1;24262.4;649.809;53.2306;0;137;837.528;5290.11;8;3614784;120;20;25;60;1;0;3600000
2023-8-16;11:1:30;cq;20201112;3684.5;0;23760.8;22337.5;312.275;54.6175;0;142;1124.27;4690.3;8;3628431;120;20;25;60;1;0;3600000
2023-8-16;11:1:30;cq;20201106;3332.5;18;21188.2;19691.7;1440.44;58.4691;0;140;1328.87;2270.03;8;3627190;120;20;25;60;1;0;3600000
2023-8-16;11:1:36;cq;20201030;3513;0;20806.3;18990.9;670.268;55.6683;0;149;1738.7;3168.1;8;3633149;120;20;25;60;1;0;3600000
2023-8-16;11:1:38;cq;20201110;3499.5;0;22014.6;20231.7;987.341;59.65;0;142;1029.46;4310.03;8;3629258;120;20;25;60;1;0;3600000
2023-8-16;11:2:2;cq;20201121;226.5;0;1243.55;958.349;6.1319;6.1319;0;13;0;0;1;551366;120;20;25;60;0;0;3600000
2023-8-16;11:2:12;cq;20201113;3670.5;0;25644.3;24288.3;754.16;49.5394;0;144;434.511;3413.57;8;3668288;120;20;25;60;1;0;3600000
2023-8-16;11:2:27;cq;20201111;3437.5;0;25043.1;23397.8;426.293;58.3433;0;143;1162.53;5052.7;8;3686310;120;20;25;60;1;0;3600000
2023-8-16;11:2:31;cq;20201010;267;0;745.097;523.463;0;0;0;13;0;0;1;575844;120;20;25;60;0;0;3600000
2023-8-16;11:2:31;cq;20201118;3541;0;21437.9;19882.3;668.94;59.6143;0;139;813.777;3159.72;8;3687928;120;20;25;60;1;0;3600000
2023-8-16;11:4:29;cq;20201029;3946.5;0;24861.5;22800.9;610.626;57.1049;0;150;628.248;4618.94;8;3603515;120;20;25;60;1;0;3600000
2023-8-16;11:5:6;cq;20201104;3921;32.5;26795.8;25173.1;1168.31;58.2633;0;147;778.482;2851.61;8;3632850;120;20;25;60;1;0;3600000
2023-8-16;11:6:3;cq;20201107;333.5;0;753.263;471.468;0;0;0;18;124.782;0;2;584409;120;20;25;60;0;0;3600000
2023-8-16;11:6:51;cq;20201114;388;0;1726.45;1401.14;8.02667;7.87024;0;19;365.468;0;2;631706;120;20;25;60;0;0;3600000
2023-8-16;11:12:1;cq;20201031;375;0;1015.38;703.456;0;0;0;15;196.339;80.0738;2;942007;120;20;25;60;0;0;3600000
2023-8-16;11:12:39;cq;20201003;613.5;0;3846.92;3889.38;49.7783;22.1267;0;29;111.215;101.798;3;980392;120;20;25;60;0;0;3600000
2023-8-16;11:18:44;cq;20201024;937.5;0;4304.88;3955.74;0;0;0;35;380.242;1346.62;3;3605253;120;20;25;60;0;0;3600000
2023-8-16;11:18:47;cq;20201128;776;0;2663.45;2017.13;0;0;0;31;338.425;551.148;3;3604392;120;20;25;60;0;0;3600000
2023-8-16;11:18:47;cq;20201013;1565;0;8597.35;7971.7;48.0474;26.2367;0;95;4079.03;247.514;8;3607500;120;20;25;60;0;0;3600000
2023-8-16;11:18:50;cq;20201109;1746.5;0;13630;12550.3;149.732;39.7233;0;94;1431.61;719.212;7;3608749;120;20;25;60;0;0;3600000
2023-8-16;11:18:50;cq;20201026;1839.5;0;12740;11938.8;86.567;26.2267;0;116;2847;681.66;8;3609005;120;20;25;60;0;0;3600000
2023-8-16;11:22:7;cq;20201125;2425;0;18817.6;17506.5;776.045;56.6898;0;137;2153.94;2336.18;7;3605018;120;20;25;60;0;0;3600000
2023-8-16;11:22:8;cq;20201123;2595;0;19139;17750.3;637.581;46.7783;0;128;1296.16;2976.69;7;3606806;120;20;25;60;0;0;3600000
2023-8-16;11:22:14;cq;20201130;2327.5;0;15185.5;13728.3;338.438;22.6949;0;117;1241.57;1949.71;6;3607998;120;20;25;60;0;0;3600000
2023-8-16;11:22:21;cq;20201020;2673;0;16914.7;16290.2;732.331;59.8;0;133;2059.55;3096.59;8;3610788;120;20;25;60;0;0;3600000
2023-8-16;11:22:22;cq;20201116;2881;58.5;22749.6;21195.9;1588.85;59.6025;0;137;961.329;3264.5;7;3611786;120;20;25;60;0;0;3600000
2023-8-16;11:22:24;cq;20201126;2939.5;31.5;21736.6;20495.1;927.277;54.4367;0;133;759.434;2800.55;7;3623157;120;20;25;60;0;0;3600000
2023-8-16;11:22:25;cq;20201124;2672.5;13;16721.2;15085.1;940.455;55.3333;0;128;1587.94;2089.61;8;3615037;120;20;25;60;0;0;3600000
2023-8-16;11:22:29;cq;20201007;2512.5;0;15080.5;13869.5;36.5678;14.5233;0;127;1810.93;799.362;8;3627037;120;20;25;60;0;0;3600000
2023-8-16;11:22:33;cq;20201016;2060;0;11525.4;10689.6;327.46;43.6183;0;111;2904.42;806.037;8;3629377;120;20;25;60;0;0;3600000
2023-8-16;11:22:33;cq;20201002;2893.5;0;17489.9;16228;792.37;51.3125;0;131;2220.86;1449.58;8;3617515;120;20;25;60;0;0;3600000
2023-8-16;11:25:31;cq;20201106;3326.5;24;24091.5;22874.1;1620.79;55.7733;0;141;846.786;2651.33;8;3605799;120;20;25;60;0;0;3600000
2023-8-16;11:25:35;cq;20201030;3478;35;19461.4;17745.6;1222.02;59.6683;0;149;3222.29;2317.38;8;3608571;120;20;25;60;0;0;3600000
2023-8-16;11:25:35;cq;20201102;3078.5;0;22192.2;21142.3;441.029;57.6674;0;132;481.063;2572.35;8;3608017;120;20;25;60;0;0;3600000
2023-8-16;11:25:37;cq;20201009;3229;0;18913.1;17355.9;354.059;46.6522;0;129;604.323;2002.57;8;3610198;120;20;25;60;0;0;3600000
2023-8-16;11:25:39;cq;20201118;3541;0;22084.6;20693.9;1033.07;57.7617;0;139;916.677;4712.34;8;3607819;120;20;25;60;0;0;3600000
2023-8-16;11:25:40;cq;20201113;3670.5;0;25467.7;24049.3;1561.97;58.14;0;144;347.282;3331.92;8;3607833;120;20;25;60;0;0;3600000
2023-8-16;11:25:44;cq;20201110;3480.5;19;23717.9;22027.5;1484.9;57.1233;0;142;646.921;4267.68;8;3612313;120;20;25;60;0;0;3600000
2023-8-16;11:25:49;cq;20201111;3437.5;0;24500;22894.3;894.604;53.0455;0;143;1767.5;3020.63;8;3624726;120;20;25;60;0;0;3600000
2023-8-16;11:25:58;cq;20201014;3471;0;23534.8;22467.3;834.73;53.1365;0;137;429.818;4644.71;8;3628539;120;20;25;60;0;0;3600000
2023-8-16;11:26:55;cq;20201120;3327.5;74;23604.5;21741.7;1515.08;59.1883;0;140;1237.29;2930.66;8;3689489;120;20;25;60;0;0;3600000
2023-8-16;11:28:53;cq;20201121;226.5;0;1243.55;958.349;0;0;0;13;16.2679;0;1;3603432;120;20;25;60;1;0;3600000
2023-8-16;11:28:57;cq;20201029;3946.5;0;27077.2;25209.9;1917.17;59.1739;0;150;326.822;4951.07;8;3606712;120;20;25;60;0;0;3600000
2023-8-16;11:28:58;cq;20201104;3901;52.5;25175.9;23829.6;1199.2;54.5533;0;148;916.2;4330.34;8;3608450;120;20;25;60;0;0;3600000
2023-8-16;11:28:58;cq;20201006;3630.5;109;22821.9;21370.9;795.317;52.5456;0;137;1279.99;4901.81;8;3604893;120;20;25;60;0;0;3600000
2023-8-16;11:29:4;cq;20201112;3684.5;0;25664.9;24219.4;1362.87;59.1475;0;142;218.612;5178.95;8;3610190;120;20;25;60;0;0;3600000
2023-8-16;11:29:11;cq;20201010;267;0;745.097;523.463;0;0;0;13;0;0;1;3609808;120;20;25;60;1;0;3600000
2023-8-16;11:29:12;cq;20201031;375;0;1016.51;704.028;0;0;0;15;226.737;267.353;2;3615442;120;20;25;60;1;0;3600000
2023-8-16;11:29:17;cq;20201107;333.5;0;753.263;471.468;0;0;0;18;253.144;0;2;3626826;120;20;25;60;1;0;3600000
2023-8-16;11:29:49;cq;20201114;388;0;1834.76;1488.04;0;0;0;19;66.6538;83.7333;2;3647518;120;20;25;60;1;0;3600000
2023-8-16;11:30:34;cq;20201003;613.5;0;3735.54;3694.59;44.8517;23.775;0;28;442.788;991.005;3;3702945;120;20;25;60;1;0;3600000
2023-8-16;11:32:25;cq;20201007;2512.5;0;14902.6;13655;12.5272;4.97167;0;125;2172.15;1387.3;8;3609622;120;20;25;60;1;0;3600000
2023-8-16;11:32:38;cq;20201024;937.5;0;4077.2;3675.47;0;0;0;31;720;866.977;3;3619150;120;20;25;60;1;0;3600000
2023-8-16;11:32:40;cq;20201016;2060;0;12246.4;11468.2;132.494;32.1746;0;112;2459.15;1427.08;8;3615860;120;20;25;60;1;0;3600000
2023-8-16;11:32:41;cq;20201026;1839.5;0;13797.7;13099.7;51.9971;23.1827;0;114;2039.99;562.139;8;3625197;120;20;25;60;1;0;3600000
2023-8-16;11:32:53;cq;20201125;2425;0;18935.6;17703.4;327.44;48.0036;0;134;2279.64;1821.14;7;3636823;120;20;25;60;1;0;3600000
2023-8-16;11:33:2;cq;20201109;1746.5;0;13933.3;12833.3;90.3506;33.55;8;94;1392.32;1847.61;7;3645427;120;20;25;60;1;0;3600000
2023-8-16;11:33:6;cq;20201128;776;0;2338.71;1732.36;0;0;0;29;717.968;820.718;3;3646533;120;20;25;60;1;0;3600000
2023-8-16;11:34:20;cq;20201021;1160.5;0;6163.99;5689.48;10.6383;3.45444;14;69;2902.72;724.341;6;3702445;120;20;25;60;1;0;3600000
2023-8-16;11:35:43;cq;20201013;1565;0;9729.63;9220.86;37.4933;13.0367;0;93;4169.38;665.095;8;3604900;120;20;25;60;1;0;3600000
2023-8-16;11:35:53;cq;20201130;2327.5;0;15225.8;13775.4;67.2206;16.155;0;117;1000.23;1593.31;6;3616762;120;20;25;60;1;0;3600000
2023-8-16;11:35:57;cq;20201123;2595;0;20086.3;18636;305.213;38.7783;0;126;1321.75;2767.37;7;3620543;120;20;25;60;1;0;3600000
2023-8-16;11:36:4;cq;20201102;3078.5;0;24663.3;23774.9;183.973;44.4367;0;132;651.255;4408.53;8;3627454;120;20;25;60;1;0;3600000
2023-8-16;11:36:5;cq;20201124;2685.5;0;18481.4;16766.7;250.569;54.7059;0;128;1031.3;2917.27;8;3627831;120;20;25;60;1;0;3600000
2023-8-16;11:36:6;cq;20201009;3229;0;21162;19746;233.342;37.5267;0;128;570.612;3533.33;8;3628866;120;20;25;60;1;0;3600000
2023-8-16;11:36:8;cq;20201020;2673;0;17190;16551.2;215.804;42.245;0;128;2695.05;2068.36;8;3631636;120;20;25;60;1;0;3600000
2023-8-16;11:36:19;cq;20201002;2893.5;0;17523.1;16321.4;237.564;56.0182;12;131;1681.36;2173.12;8;3642362;120;20;25;60;1;0;3600000
2023-8-16;11:36:26;cq;20201116;2939.5;0;22390.6;20763.5;703.728;58.5383;0;137;1162.67;3151.32;7;3649281;120;20;25;60;1;0;3600000
2023-8-16;11:36:31;cq;20201021;1160.5;0;6342.93;5847.37;48.7486;17.5617;0;70;2133.27;381.712;6;2410924;120;20;25;60;0;0;3600000
2023-8-16;11:37:0;cq;20201126;2951.5;19.5;20721.7;19328.7;1027.65;56.6409;0;133;963.113;2506.61;7;3683404;120;20;25;60;1;0;3600000
2023-8-16;11:39:30;cq;20201014;3471;0;22341.9;21150.9;344.421;56.3283;0;137;586.239;3558.09;8;3625889;120;20;25;60;1;0;3600000
2023-8-16;11:39:33;cq;20201111;3437.5;0;26847.9;25199.4;376.595;59.8076;0;143;705.806;3675.38;8;3628257;120;20;25;60;1;0;3600000
2023-8-16;11:39:40;cq;20201110;3499.5;0;22457.5;20667.7;951.84;56.185;0;142;604.471;3665.98;8;3635180;120;20;25;60;1;0;3600000
2023-8-16;11:39:43;cq;20201118;3541;0;21794.5;20173;630.383;58.5183;0;138;834.493;3764.34;8;3638444;120;20;25;60;1;0;3600000
2023-8-16;11:39:47;cq;20201120;3401.5;0;25126.6;23073.5;1055.46;56.9883;0;140;551.404;3286.09;8;3645137;120;20;25;60;1;0;3600000
2023-8-16;11:39:48;cq;20201030;3513;0;21526.3;19872.6;760.324;59.365;0;148;1925.28;3505;8;3643919;120;20;25;60;1;0;3600000
2023-8-16;11:39:59;cq;20201113;3670.5;0;25858.4;24364.4;724.019;59.2117;0;144;84.0962;3785.91;8;3655141;120;20;25;60;1;0;3600000
2023-8-16;11:40:10;cq;20201112;3684.5;0;25712.8;24157.9;308.953;54.4;0;141;394.434;4662.36;8;3667826;120;20;25;60;1;0;3600000
2023-8-16;11:40:27;cq;20201106;3350.5;0;20954.4;19427;1161.82;58.2643;0;141;1749.29;2314.36;8;3673574;120;20;25;60;1;0;3600000
2023-8-16;11:40:42;cq;20201006;3739.5;0;23860;22342.5;862.875;59.2633;0;137;1077.33;5459.34;8;3695573;120;20;25;60;1;0;3600000
2023-8-16;11:42:34;cq;20201029;3946.5;0;26934.3;24980.5;645.488;58.1033;0;149;491.938;4016.64;8;3607654;120;20;25;60;1;0;3600000
2023-8-16;11:43:55;cq;20201104;3953.5;0;26166.6;24566.8;1059.92;59.8267;0;148;195.712;3136.97;8;3678056;120;20;25;60;1;0;3600000
2023-8-16;11:43:56;cq;20201107;333.5;0;753.263;471.468;0;0;0;18;124.492;0;2;572845;120;20;25;60;0;0;3600000
2023-8-16;11:44:20;cq;20201010;267;0;745.097;523.463;0;0;0;13;0;0;1;601002;120;20;25;60;0;0;3600000
2023-8-16;11:44:56;cq;20201114;388;0;1738.22;1411.35;8.02667;7.87024;0;19;224.044;0;2;633617;120;20;25;60;0;0;3600000
2023-8-16;11:50:35;cq;20201031;375;0;1014.25;702.885;0;0;0;15;237.086;33.9338;2;968127;120;20;25;60;0;0;3600000
2023-8-16;11:50:44;cq;20201003;613.5;0;3906.88;3978.82;49.7783;22.1267;0;28;382.52;222.277;3;984558;120;20;25;60;0;0;3600000
2023-8-16;11:52:25;cq;20201121;226.5;0;1243.55;958.349;6.1319;6.1319;0;13;0;0;1;1293229;120;20;25;60;0;0;3600000
2023-8-16;11:56:23;cq;20201024;937.5;0;4186.66;3762.67;0.993333;0.993333;0;32;540;665.752;3;3603554;120;20;25;60;0;0;3600000
2023-8-16;11:56:24;cq;20201128;776;0;2709.42;2048.62;0;0;0;31;385.246;583.045;3;3604036;120;20;25;60;0;0;3600000
2023-8-16;11:56:27;cq;20201013;1565;0;8749.88;8173.09;51.5257;16.2367;0;98;3970.5;384.428;8;3608233;120;20;25;60;0;0;3600000
2023-8-16;11:56:48;cq;20201109;1746.5;0;14019;12927.6;157.252;34.7233;0;94;1104.27;759.055;7;3626790;120;20;25;60;0;0;3600000
2023-8-16;11:59:59;cq;20201002;2893.5;0;17293.8;16070.9;858.996;54.9209;0;131;2301.04;1255.56;8;3606467;120;20;25;60;0;0;3600000
2023-8-16;11:59:59;cq;20201026;1839.5;0;13350.1;12534.2;75.0877;26.2267;0;116;2320.61;340.166;8;3606850;120;20;25;60;0;0;3600000
2023-8-16;12:0:0;cq;20201016;2060;0;11590.2;10745.4;354.807;47.7383;0;107;3439.25;789.887;8;3609028;120;20;25;60;0;0;3600000
2023-8-16;12:0:0;cq;20201123;2595;0;18881.2;17462.7;713.13;57.4838;0;128;1563.44;2593.96;7;3607175;120;20;25;60;0;0;3600000
2023-8-16;12:0:1;cq;20201130;2327.5;0;15471.7;13979.6;419.534;33.9477;0;117;1576.77;1804.37;6;3606836;120;20;25;60;0;0;3600000
2023-8-16;12:0:4;cq;20201116;2890;49.5;23109.1;21527.9;1382.55;59.7824;0;136;1061.35;3478.05;7;3608400;120;20;25;60;0;0;3600000
2023-8-16;12:0:4;cq;20201124;2672.5;13;16306.9;14582.2;759.955;59.4367;0;125;1858.28;1783.23;8;3604958;120;20;25;60;0;0;3600000
2023-8-16;12:0:4;cq;20201020;2673;0;17074.3;16512.4;592.324;55.8183;0;132;2117.31;3167.25;8;3608623;120;20;25;60;0;0;3600000
2023-8-16;12:0:8;cq;20201007;2512.5;0;14855.5;13665.8;41.7918;14.5233;0;127;2384.47;911.316;8;3617016;120;20;25;60;0;0;3600000
2023-8-16;12:0:13;cq;20201125;2425;0;18639.8;17380.9;717.477;59.5563;0;137;2032.42;1770.79;7;3621999;120;20;25;60;0;0;3600000
2023-8-16;12:3:22;cq;20201110;3480.5;19;21881.5;20172.5;1101.34;59.0317;0;141;1524.06;5225.01;8;3608033;120;20;25;60;0;0;3600000
2023-8-16;12:3:22;cq;20201009;3229;0;19123.5;17537.9;315.979;47.885;0;129;750.566;2008.34;8;3608558;120;20;25;60;0;0;3600000
2023-8-16;12:3:22;cq;20201126;2939.5;31.5;21477.4;20204.9;1125.35;59.6383;0;133;811.007;3564.71;7;3605576;120;20;25;60;0;0;3600000
2023-8-16;12:3:23;cq;20201102;3078.5;0;22360;21279.9;274.589;57.6367;0;132;792.895;2453.76;8;3608984;120;20;25;60;0;0;3600000
2023-8-16;12:3:24;cq;20201014;3471;0;22868.5;21721.4;838.612;46.719;0;137;295.609;5327.63;8;3608321;120;20;25;60;0;0;3600000
2023-8-16;12:3:26;cq;20201118;3541;0;22184.9;20743.9;1175.47;56.4433;0;139;901.799;4304.83;8;3611045;120;20;25;60;0;0;3600000
2023-8-16;12:3:25;cq;20201106;3301.5;49;23272.1;21952.3;1746.41;57.6221;0;141;1488.13;2942.97;8;3610220;120;20;25;60;0;0;3600000
2023-8-16;12:3:25;cq;20201030;3478;35;19671.1;17967.4;1178.75;59.6683;0;149;3513.43;2575.37;8;3607687;120;20;25;60;0;0;3600000
2023-8-16;12:3:46;cq;20201120;3311.5;90;23450.6;21605.8;1322.72;59.6458;0;140;1272.82;2545.62;8;3629524;120;20;25;60;0;0;3600000
2023-8-16;12:6:47;cq;20201029;3946.5;0;26911.9;24987.4;1649.4;59.1739;0;150;692.36;5378.09;8;3607053;120;20;25;60;0;0;3600000
2023-8-16;12:6:47;cq;20201121;226.5;0;1243.55;958.349;0;0;0;13;39.7995;0;1;3606069;120;20;25;60;1;0;3600000
2023-8-16;12:6:48;cq;20201111;3437.5;0;24421.6;22822.9;926.865;53.2548;0;143;1821.36;3332.08;8;3608249;120;20;25;60;0;0;3600000
2023-8-16;12:6:49;cq;20201112;3653.5;31;25810.7;24478.9;1182.89;57.29;0;142;289.155;5714.9;8;3606576;120;20;25;60;0;0;3600000
2023-8-16;12:6:50;cq;20201107;333.5;0;753.263;471.468;0;0;0;18;193.146;0;2;3609932;120;20;25;60;1;0;3600000
2023-8-16;12:6:57;cq;20201010;267;0;745.097;523.463;0;0;0;13;0;0;1;3608998;120;20;25;60;1;0;3600000
2023-8-16;12:7:3;cq;20201006;3617;122.5;22706.4;21366.6;965.418;59.5283;0;137;1290.36;4352.23;8;3623111;120;20;25;60;0;0;3600000
2023-8-16;12:7:6;cq;20201104;3919;34.5;26038.3;24728.5;1138.25;52.9974;0;148;542.375;3977.23;8;3626529;120;20;25;60;0;0;3600000
2023-8-16;12:7:10;cq;20201031;375;0;1015.38;703.456;0;0;0;15;358.126;179.353;2;3622433;120;20;25;60;1;0;3600000
2023-8-16;12:7:13;cq;20201113;3670.5;0;24316.2;22965.8;994.77;55.1167;0;144;1054.1;4145.46;8;3628249;120;20;25;60;0;0;3600000
2023-8-16;12:10:11;cq;20201026;1839.5;0;13868.6;13114.6;60.1486;33.1827;24;115;2307.85;780.274;8;3605084;120;20;25;60;1;0;3600000
2023-8-16;12:10:16;cq;20201114;388;0;1779.62;1452.17;0;0;0;19;398.545;0;2;3607902;120;20;25;60;1;0;3600000
2023-8-16;12:10:20;cq;20201128;776;0;2307.23;1693.02;0;0;0;30;715.357;537.93;3;3615003;120;20;25;60;1;0;3600000
2023-8-16;12:10:25;cq;20201024;937.5;0;4178.65;3770.42;0;0;0;34;265.35;812.359;3;3612924;120;20;25;60;1;0;3600000
2023-8-16;12:10:26;cq;20201016;2060;0;12722.2;12026;152.03;25.92;0;109;2508.44;1388.44;8;3620893;120;20;25;60;1;0;3600000
2023-8-16;12:10:33;cq;20201003;613.5;0;3602.49;3610.58;47.775;23.775;0;29;294.662;697.145;3;3627394;120;20;25;60;1;0;3600000
2023-8-16;12:10:34;cq;20201130;2327.5;0;16414;14778.6;149.338;29.8433;0;114;1640.12;914.966;6;3628468;120;20;25;60;1;0;3600000
2023-8-16;12:10:49;cq;20201021;1160.5;0;6137.17;5650.43;5.75149;5;0;65;3193.13;757.875;6;3640572;120;20;25;60;1;0;3600000
2023-8-16;12:10:53;cq;20201013;1565;0;9276.17;8653.86;34.7306;13.0367;14;89;4212.86;502.975;8;3641161;120;20;25;60;1;0;3600000
2023-8-16;12:11:27;cq;20201109;1746.5;0;14182.6;13165.6;101.913;20.9483;0;94;1131.25;1620.03;7;3650452;120;20;25;60;1;0;3600000
2023-8-16;12:13:33;cq;20201020;2673;0;17278.6;16612.1;254.521;51.9133;0;132;2407.89;2379.42;8;3603646;120;20;25;60;1;0;3600000
2023-8-16;12:13:35;cq;20201125;2425;0;18142.5;16814.1;457.954;58.155;0;136;2712.3;1779.06;7;3605118;120;20;25;60;1;0;3600000
2023-8-16;12:13:42;cq;20201124;2685.5;0;18954.1;17272.1;377.139;58.9648;0;123;1814.2;2643.09;8;3612393;120;20;25;60;1;0;3600000
2023-8-16;12:13:49;cq;20201021;1160.5;0;6432.73;5955.05;55.487;17.5617;0;73;2110.53;194.437;6;2370906;120;20;25;60;0;0;3600000
2023-8-16;12:13:57;cq;20201007;2512.5;0;15685.3;14530.3;12.7733;4;0;126;2211.6;1642.97;8;3627023;120;20;25;60;1;0;3600000
2023-8-16;12:14:3;cq;20201116;2939.5;0;21857.3;20138;432.431;58.7;0;137;1293.35;3740.42;7;3622753;120;20;25;60;1;0;3600000
2023-8-16;12:14:10;cq;20201102;3078.5;0;24858.2;23873.5;213.571;40.1783;0;132;85.6017;3079.11;8;3633358;120;20;25;60;1;0;3600000
2023-8-16;12:14:11;cq;20201002;2893.5;0;18712.7;17512.5;234.219;54.0783;0;131;954.335;1617.4;8;3640632;120;20;25;60;1;0;3600000
2023-8-16;12:14:14;cq;20201126;2939.5;31.5;22288.1;20854.8;827.101;59.9898;0;133;638.198;2367.54;7;3641231;120;20;25;60;1;0;3600000
2023-8-16;12:14:18;cq;20201009;3229;0;21153;19811.9;163.546;45.7267;0;129;187.802;4126.77;8;3644399;120;20;25;60;1;0;3600000
2023-8-16;12:14:43;cq;20201123;2595;0;19804;18460.5;280.823;52.745;0;128;1256.95;2454.67;7;3672406;120;20;25;60;1;0;3600000
2023-8-16;12:17:0;cq;20201110;3499.5;0;21639.1;19831;812.59;51.0264;0;142;1192.7;4661.11;8;3604268;120;20;25;60;1;0;3600000
2023-8-16;12:17:6;cq;20201112;3684.5;0;22818.4;21439.1;416.902;55.0372;0;142;871.237;4555.82;8;3609005;120;20;25;60;1;0;3600000
2023-8-16;12:17:9;cq;20201030;3513;0;22219;20538.3;811.144;51.7933;0;147;2523.8;2904.45;8;3610537;120;20;25;60;1;0;3600000
2023-8-16;12:17:12;cq;20201106;3326.5;24;22277.5;20834;1425.97;59.3117;0;141;1106.12;2485.39;8;3611022;120;20;25;60;1;0;3600000
2023-8-16;12:17:15;cq;20201113;3670.5;0;24330.4;22878.4;679.179;54.14;0;144;452.163;4337.9;8;3617920;120;20;25;60;1;0;3600000
2023-8-16;12:17:20;cq;20201111;3437.5;0;25026.3;23374.9;337.204;37.985;0;143;1091.81;3865.48;8;3624375;120;20;25;60;1;0;3600000
2023-8-16;12:17:23;cq;20201118;3541;0;22003.5;20452.6;691.32;53.5083;0;139;828.265;2188.08;8;3611467;120;20;25;60;1;0;3600000
2023-8-16;12:17:30;cq;20201006;3739.5;0;24893.4;23416.6;699.34;58.9367;0;137;644.509;5221.57;8;3631742;120;20;25;60;1;0;3600000
2023-8-16;12:17:39;cq;20201014;3471;0;21367.8;20201.6;315.254;37.21;0;135;756.828;3123.17;8;3640652;120;20;25;60;1;0;3600000
2023-8-16;12:18:16;cq;20201120;3401.5;0;23737.1;21598.8;1016.79;56.2836;0;140;610.901;3284.65;8;3679374;120;20;25;60;1;0;3600000
2023-8-16;12:21:2;cq;20201010;267;0;745.097;523.463;0;0;0;13;0;0;1;574510;120;20;25;60;0;0;3600000
2023-8-16;12:21:11;cq;20201107;333.5;0;753.263;471.468;0;0;0;18;92.1086;0;2;586095;120;20;25;60;0;0;3600000
2023-8-16;12:21:32;cq;20201121;226.5;0;1243.55;958.349;6.1319;6.1319;0;13;0;0;1;607049;120;20;25;60;0;0;3600000
2023-8-16;12:21:52;cq;20201104;3953.5;0;25682.2;24299.3;1040.05;59.815;0;147;728.56;3266.67;8;3689132;120;20;25;60;1;0;3600000
2023-8-16;12:25:24;cq;20201114;388;0;1731.2;1410.63;8.02667;7.87024;0;19;324.82;0;2;618996;120;20;25;60;0;0;3600000
2023-8-16;12:26:1;cq;20201029;3946.5;0;26514.9;24584.1;673.583;57.1049;0;150;342.774;5488.33;8;3730405;120;20;25;60;1;0;3600000
2023-8-16;12:30:46;cq;20201031;375;0;1014.25;702.885;0;0;0;15;196.164;0;2;941181;120;20;25;60;0;0;3600000
2023-8-16;12:31:23;cq;20201003;613.5;0;4099.24;4128.64;49.7783;22.1267;0;29;66.4767;201.435;3;982393;120;20;25;60;0;0;3600000
2023-8-16;12:34:22;cq;20201024;937.5;0;4287.65;3925.77;0;0;0;35;430.202;764.03;3;3603759;120;20;25;60;0;0;3600000
2023-8-16;12:34:24;cq;20201128;776;0;2642.62;1976.32;0;0;0;31;395.046;665.607;3;3604439;120;20;25;60;0;0;3600000
2023-8-16;12:34:26;cq;20201013;1565;0;9005.95;8357.69;53.8355;16.2367;0;99;3667.91;280.656;8;3608902;120;20;25;60;0;0;3600000
2023-8-16;12:34:30;cq;20201109;1746.5;0;13414.3;12332.9;165.065;42.24;0;94;1360.41;675.597;7;3610394;120;20;25;60;0;0;3600000
2023-8-16;12:38:39;cq;20201002;2893.5;0;17582.3;16351.1;794.845;51.3125;0;131;2176.15;1236.91;8;3605356;120;20;25;60;0;0;3600000
2023-8-16;12:38:39;cq;20201116;2914.5;25;23302.4;21691.3;1517.57;59.7855;0;137;720.876;3396.19;7;3605444;120;20;25;60;0;0;3600000
2023-8-16;12:38:40;cq;20201130;2327.5;0;15241.3;13802.7;300.942;34.3743;0;115;1618.92;2063.76;6;3606529;120;20;25;60;0;0;3600000
2023-8-16;12:38:40;cq;20201020;2673;0;17317.4;16731.4;672.819;58.2867;0;132;2204.8;2653.01;8;3606666;120;20;25;60;0;0;3600000
2023-8-16;12:38:41;cq;20201125;2425;0;18561.1;17225.2;800.161;59.4883;0;137;1703.02;2584.72;7;3607479;120;20;25;60;0;0;3600000
2023-8-16;12:38:43;cq;20201123;2595;0;19228.3;17903.9;603.581;56.4971;0;128;1195.04;3173.85;7;3609384;120;20;25;60;0;0;3600000
2023-8-16;12:38:47;cq;20201124;2677.5;8;18959.4;17356;1050.31;59.5417;0;127;1061.22;2928.86;8;3606816;120;20;25;60;0;0;3600000
2023-8-16;12:38:47;cq;20201007;2512.5;0;14420.3;13271;37.9668;15.3233;0;127;2117.37;965.772;8;3612754;120;20;25;60;0;0;3600000
2023-8-16;12:39:4;cq;20201026;1839.5;0;12673.5;11883.2;76.4493;26.2267;0;116;2944.7;599.204;8;3628073;120;20;25;60;0;0;3600000
2023-8-16;12:39:42;cq;20201016;2060;0;12447.8;11716.7;315.15;46.3125;0;105;3832.7;1467.51;8;3656801;120;20;25;60;0;0;3600000
2023-8-16;12:42:12;cq;20201126;2939.5;31.5;21256.2;20055.5;1259.09;58.8217;0;133;1488.01;1744.47;7;3605888;120;20;25;60;0;0;3600000
2023-8-16;12:42:12;cq;20201102;3078.5;0;22128.3;21032.1;470.783;57.6674;0;132;383.331;2380.39;8;3607669;120;20;25;60;0;0;3600000
2023-8-16;12:42:12;cq;20201106;3326.5;24;23369;22189.3;1951.84;59.0743;0;141;889.247;3311.29;8;3607926;120;20;25;60;0;0;3600000
2023-8-16;12:42:13;cq;20201111;3437.5;0;24462.5;22856.2;898.107;52.9233;0;143;1734.52;3594.62;8;3608538;120;20;25;60;0;0;3600000
2023-8-16;12:42:13;cq;20201110;3469.5;30;21288.3;19527.1;1266.65;59.0317;0;142;1362.48;5252.94;8;3608818;120;20;25;60;0;0;3600000
2023-8-16;12:42:13;cq;20201120;3310.5;91;23485.1;21617.9;1453.52;59.0983;0;140;1138.18;2652.99;8;3608996;120;20;25;60;0;0;3600000
2023-8-16;12:42:13;cq;20201014;3471;0;22785.2;21706.8;838.435;57.565;0;137;343.075;4830.37;8;3609196;120;20;25;60;0;0;3600000
2023-8-16;12:42:16;cq;20201030;3478;35;19800.8;18043.5;1400.1;59.7483;0;149;3505.5;2479.83;8;3611476;120;20;25;60;0;0;3600000
2023-8-16;12:42:17;cq;20201118;3525;16;21789.6;20328;977.151;58.3314;0;139;424.963;4636.26;8;3611085;120;20;25;60;0;0;3600000
2023-8-16;12:42:31;cq;20201009;3229;0;18755.3;17337;727.182;58.9267;0;128;1870.39;2429.78;8;3626731;120;20;25;60;0;0;3600000
2023-8-16;12:45:41;cq;20201114;388;0;1761.63;1428.07;0;0;0;19;170.863;14.3667;2;3603827;120;20;25;60;1;0;3600000
2023-8-16;12:45:42;cq;20201006;3603.5;136;23169;21736.2;945.638;57.1578;0;137;968.959;4775.5;8;3605254;120;20;25;60;0;0;3600000
2023-8-16;12:45:47;cq;20201112;3684.5;0;25386.9;24029.7;1449.67;59.0108;0;142;571.936;4916.24;8;3609249;120;20;25;60;0;0;3600000
2023-8-16;12:45:49;cq;20201104;3899;54.5;27006.9;25598.7;1948.88;59.0377;0;147;607.935;3757.85;8;3610839;120;20;25;60;0;0;3600000
2023-8-16;12:45:49;cq;20201031;375;0;1016.51;704.028;0;0;0;15;128.681;144.21;2;3605975;120;20;25;60;1;0;3600000
2023-8-16;12:45:50;cq;20201029;3937.5;9;27130.3;25167.5;1794.97;59.1739;0;150;250.628;5243.67;8;3611795;120;20;25;60;0;0;3600000
2023-8-16;12:45:56;cq;20201113;3670.5;0;23640.2;22299.6;1297.79;56.9111;0;144;1003.15;4321.31;8;3618290;120;20;25;60;0;0;3600000
2023-8-16;12:45:57;cq;20201107;333.5;0;753.263;471.468;0;0;0;18;195.339;0;2;3618628;120;20;25;60;1;0;3600000
2023-8-16;12:45:58;cq;20201121;226.5;0;1243.55;958.349;0;0;0;13;21.86;0;1;3620551;120;20;25;60;1;0;3600000
2023-8-16;12:46:3;cq;20201010;267;0;745.097;523.463;0;0;0;13;0;0;1;3621042;120;20;25;60;1;0;3600000
2023-8-16;12:49:15;cq;20201003;613.5;0;3646.67;3623.9;47.7117;18.775;0;29;106.668;428.698;3;3604886;120;20;25;60;1;0;3600000
2023-8-16;12:49:22;cq;20201013;1565;0;8862.96;8277.12;32.3789;16.2367;0;97;3994.08;608.208;8;3611116;120;20;25;60;1;0;3600000
2023-8-16;12:49:22;cq;20201109;1746.5;0;14018.3;13019.9;106.482;33.55;20;94;1441.79;1783.44;7;3611532;120;20;25;60;1;0;3600000
2023-8-16;12:49:23;cq;20201021;1160.5;0;6024;5525.32;12.986;6.80431;23;71;3049.33;358.054;6;3611721;120;20;25;60;1;0;3600000
2023-8-16;12:49:31;cq;20201130;2327.5;0;14995;13432.5;106.773;52.9367;0;117;1979.66;1186.57;6;3615506;120;20;25;60;1;0;3600000
2023-8-16;12:49:36;cq;20201026;1839.5;0;14012.7;13376.1;69.8887;40.2854;0;110;3097.44;728.026;8;3625694;120;20;25;60;1;0;3600000
2023-8-16;12:49:50;cq;20201128;776;0;2372.26;1757.84;0;0;0;29;728.724;705.718;3;3636904;120;20;25;60;1;0;3600000
2023-8-16;12:49:52;cq;20201016;2060;0;13161.7;12397.9;161.885;35.6361;11;113;2263.09;1069.3;8;3635430;120;20;25;60;1;0;3600000
2023-8-16;12:50:0;cq;20201125;2425;0;18962.3;17673.4;368.018;59.5083;0;134;2718.07;1638.73;7;3648625;120;20;25;60;1;0;3600000
2023-8-16;12:50:51;cq;20201024;937.5;0;4212.42;3798.99;0;0;0;34;265.35;859.152;3;3699867;120;20;25;60;1;0;3600000
2023-8-16;12:52:56;cq;20201116;2939.5;0;22450.8;20832.9;697.912;50.5333;0;137;877.049;3313.15;7;3612077;120;20;25;60;1;0;3600000
2023-8-16;12:53:10;cq;20201126;2971;0;22731.4;21483.7;806.762;58.6871;0;133;585.918;2183.29;7;3622733;120;20;25;60;1;0;3600000
2023-8-16;12:53:13;cq;20201020;2673;0;18621.6;17883.9;169.475;35.4433;4;134;1552.96;1535.6;8;3628815;120;20;25;60;1;0;3600000
2023-8-16;12:53:13;cq;20201106;3350.5;0;23446.1;22110.8;1224.57;57.5886;0;141;725.714;2871.02;8;3628984;120;20;25;60;1;0;3600000
2023-8-16;12:53:15;cq;20201007;2512.5;0;15120.5;13921.4;13.1466;4.72329;15;125;1359.84;2107.36;8;3630343;120;20;25;60;1;0;3600000
2023-8-16;12:53:17;cq;20201102;3078.5;0;23021.2;21994.6;198.658;22.2367;0;132;818.803;3824.6;8;3632370;120;20;25;60;1;0;3600000
2023-8-16;12:53:28;cq;20201009;3229;0;21505.1;20175.4;334.459;59.4731;0;128;333.023;4286.43;8;3642359;120;20;25;60;1;0;3600000
2023-8-16;12:53:30;cq;20201002;2893.5;0;17583.5;16345.9;256.783;31.79;0;130;1595.96;2909.46;8;3645776;120;20;25;60;1;0;3600000
2023-8-16;12:53:42;cq;20201123;2595;0;20716;19284.8;406.732;47.95;0;127;944.596;2190.04;7;3658110;120;20;25;60;1;0;3600000
2023-8-16;12:54:2;cq;20201124;2685.5;0;18459.7;16746.9;238.322;40.5817;0;126;1367.4;3025.31;8;3678083;120;20;25;60;1;0;3600000
2023-8-16;12:54:49;cq;20201021;1160.5;0;6165.33;5697.27;48.7486;17.5617;0;73;2055.8;158.978;6;2389178;120;20;25;60;0;0;3600000
2023-8-16;12:56:25;cq;20201029;3946.5;0;25654.6;23736.2;586.5;57.1049;0;149;703.592;4254.68;8;3606267;120;20;25;60;1;0;3600000
2023-8-16;12:56:26;cq;20201112;3684.5;0;23606.7;22208.8;422.555;38.7082;0;142;700.518;4475.1;8;3607515;120;20;25;60;1;0;3600000
2023-8-16;12:56:34;cq;20201014;3471;0;21505.1;20203.5;369.126;51.4067;0;137;964.547;2900.05;8;3615232;120;20;25;60;1;0;3600000
2023-8-16;12:56:42;cq;20201120;3401.5;0;23243.6;21162.8;951.647;57.1717;0;140;986.231;3207.19;8;3622461;120;20;25;60;1;0;3600000
2023-8-16;12:56:48;cq;20201006;3739.5;0;24520.3;23019.8;874.062;57.5556;0;137;1420.38;5001.43;8;3623145;120;20;25;60;1;0;3600000
2023-8-16;12:56:52;cq;20201118;3541;0;22136.7;20643.9;664.434;52.5183;0;139;393.705;2898.35;8;3621554;120;20;25;60;1;0;3600000
2023-8-16;12:56:58;cq;20201030;3513;0;20716.4;18886;639.532;55.0817;0;147;2319.72;3045.15;8;3634517;120;20;25;60;1;0;3600000
2023-8-16;12:56:59;cq;20201111;3437.5;0;26844.1;25285.4;367.879;50.155;0;143;579.296;3996.99;8;3629056;120;20;25;60;1;0;3600000
2023-8-16;12:57:25;cq;20201113;3670.5;0;25621.2;24068.1;669.377;58.4161;0;144;320.802;3694.94;8;3658261;120;20;25;60;1;0;3600000
2023-8-16;12:57:29;cq;20201110;3488.5;11;21433.4;19689.8;854.059;59.5183;0;142;1465.18;4058.16;8;3670134;120;20;25;60;1;0;3600000
2023-8-16;13:0:58;cq;20201104;3953.5;0;27026.3;25541.9;1266.73;58.1089;0;148;318.097;2764.49;8;3659094;120;20;25;60;1;0;3600000
2023-8-16;13:15:9;cq;20201026;1839.5;0;13127.9;12353.7;80.7596;37.5833;0;116;2801.21;752.399;8;3606734;120;20;25;60;0;0;3600000
2023-8-16;13:15:9;cq;20201128;776;0;2685.46;2026.06;0;0;0;31;686.273;463.13;3;3612158;120;20;25;60;0;0;3600000
2023-8-16;13:15:10;cq;20201013;1565;0;8735.39;8111.06;39.344;16.2367;0;99;3445.09;303.558;8;3610386;120;20;25;60;0;0;3600000
2023-8-16;13:15:11;cq;20201024;937.5;0;4089.09;3666.51;0.993333;0.993333;0;30;900;1064.84;3;3604563;120;20;25;60;0;0;3600000
2023-8-16;13:15:13;cq;20201109;1746.5;0;13802.6;12717.8;162.517;39.7233;0;94;1306.33;786.319;7;3611179;120;20;25;60;0;0;3600000
2023-8-16;13:15:24;cq;20201016;2060;0;11979.8;11215.2;332.146;52.2717;0;108;3319.2;866.274;8;3624193;120;20;25;60;0;0;3600000
2023-8-16;13:18:40;cq;20201125;2425;0;18518.5;17277.8;769.907;52.6123;0;137;2104.26;2073.33;7;3605909;120;20;25;60;0;0;3600000
2023-8-16;13:18:44;cq;20201126;2946.5;24.5;21684.1;20376.5;1055.09;57.825;0;133;1000.67;3043.5;7;3606473;120;20;25;60;0;0;3600000
2023-8-16;13:18:45;cq;20201007;2512.5;0;15097.8;14012.7;50.8233;22.5733;0;127;1458.92;721.077;8;3610580;120;20;25;60;0;0;3600000
2023-8-16;13:18:51;cq;20201116;2881;58.5;22937;21444.2;1383.51;56.2317;0;137;648.697;3245.89;7;3611600;120;20;25;60;0;0;3600000
2023-8-16;13:18:47;cq;20201102;3078.5;0;22140.3;21084.6;501.281;57.6674;0;132;467.94;2731.86;8;3609238;120;20;25;60;0;0;3600000
2023-8-16;13:18:46;cq;20201123;2595;0;19061.1;17769;675.609;52.5233;0;128;1201.61;2488.17;7;3608071;120;20;25;60;0;0;3600000
2023-8-16;13:18:58;cq;20201130;2327.5;0;15232.5;13739.7;390.376;59.9477;0;117;1361.96;1612.18;6;3624192;120;20;25;60;0;0;3600000
2023-8-16;13:18:46;cq;20201020;2659;14;17029.4;16503;683.493;59.2965;0;132;2320.79;2885.88;8;3606893;120;20;25;60;0;0;3600000
2023-8-16;13:18:49;cq;20201124;2672.5;13;16623.8;14955.9;976.825;59.255;0;128;2175.05;1971.15;8;3607887;120;20;25;60;0;0;3600000
2023-8-16;13:18:54;cq;20201002;2893.5;0;17451.6;16233.5;818.942;51.3125;0;131;2274.78;1641.85;8;3607409;120;20;25;60;0;0;3600000
2023-8-16;13:22:13;cq;20201120;3312;89.5;23681.8;21860;1346.39;59.6458;0;140;1223.64;2771.84;8;3606537;120;20;25;60;0;0;3600000
2023-8-16;13:22:13;cq;20201113;3642.5;28;23273.9;21864;1266.46;59.6683;0;144;2149.23;2786.47;8;3606772;120;20;25;60;0;0;3600000
2023-8-16;13:22:14;cq;20201111;3437.5;0;24334.7;22731.7;883.354;56.4863;0;143;1752.08;3096.68;8;3607321;120;20;25;60;0;0;3600000
2023-8-16;13:22:15;cq;20201009;3229;0;18354.1;16971;700.033;56.1317;0;129;1611.38;2723.43;8;3607239;120;20;25;60;0;0;3600000
2023-8-16;13:22:19;cq;20201106;3326.5;24;22984;21653.6;1905.38;58.205;0;141;863.321;2963.25;8;3612395;120;20;25;60;0;0;3600000
2023-8-16;13:22:20;cq;20201014;3471;0;22320.3;21166;811.438;53.1083;0;137;680.987;4480.96;8;3611282;120;20;25;60;0;0;3600000
2023-8-16;13:22:22;cq;20201118;3541;0;21457.6;19881.1;1110.34;57.8877;0;139;1098.74;2451.47;8;3611441;120;20;25;60;0;0;3600000
2023-8-16;13:22:24;cq;20201110;3471;28.5;22420.9;20723.6;1235.93;59.4114;0;142;1393.92;5594.84;8;3610483;120;20;25;60;0;0;3600000
2023-8-16;13:22:27;cq;20201030;3478;35;19755.1;18028.3;1196.86;59.6683;0;149;3213.45;1975.13;8;3613014;120;20;25;60;0;0;3600000
2023-8-16;13:22:37;cq;20201112;3653.5;31;24536.2;23149.2;1386.15;59.3333;0;142;572.721;5474.37;8;3628848;120;20;25;60;0;0;3600000
2023-8-16;13:25:45;cq;20201107;333.5;0;753.263;471.468;0;0;0;18;199.739;0;2;3605764;120;20;25;60;1;0;3600000
2023-8-16;13:25:45;cq;20201114;388;0;1790.1;1450.16;0;0;0;19;57.56;189.467;2;3606669;120;20;25;60;1;0;3600000
2023-8-16;13:25:46;cq;20201029;3946.5;0;27597.2;25713.3;1801.62;59.1739;0;150;326.127;4990.96;8;3606181;120;20;25;60;0;0;3600000
2023-8-16;13:25:46;cq;20201003;613.5;0;3659.41;3701.86;49.185;23.775;0;28;365.408;1018.02;3;3607006;120;20;25;60;1;0;3600000
2023-8-16;13:25:47;cq;20201128;776;0;2295.09;1682.64;0;0;18;30;625.155;726.658;3;3607610;120;20;25;60;1;0;3600000
2023-8-16;13:25:48;cq;20201031;375;0;1015.38;703.456;0;0;0;15;379.675;151.272;2;3608872;120;20;25;60;1;0;3600000
2023-8-16;13:25:48;cq;20201006;3629.5;110;22999.9;21511.6;833.194;53.4239;0;137;1181.03;4511.03;8;3609537;120;20;25;60;0;0;3600000
2023-8-16;13:25:50;cq;20201104;3894.5;59;26997.7;25568.5;1799.08;59.975;0;148;558.913;3894.08;8;3609944;120;20;25;60;0;0;3600000
2023-8-16;13:25:53;cq;20201010;267;0;745.097;523.463;0;0;0;13;0;0;1;3614555;120;20;25;60;1;0;3600000
2023-8-16;13:25:54;cq;20201121;226.5;0;1243.55;958.349;0;0;0;13;36.6331;0;1;3614544;120;20;25;60;1;0;3600000
2023-8-16;13:29:23;cq;20201021;1160.5;0;6207.89;5703.51;9.48833;3.78333;3;70;3110.64;640.032;6;3604402;120;20;25;60;1;0;3600000
2023-8-16;13:29:23;cq;20201109;1746.5;0;14273.2;13258.6;91.5428;19.5374;0;93;1341.53;1686.46;7;3607234;120;20;25;60;1;0;3600000
2023-8-16;13:29:32;cq;20201125;2425;0;18359.5;16972.6;456.219;59.1093;0;136;2642.3;1628.08;7;3616717;120;20;25;60;1;0;3600000
2023-8-16;13:29:34;cq;20201123;2595;0;20820.9;19535.1;414.847;56.2217;0;125;986.58;2736.25;7;3618108;120;20;25;60;1;0;3600000
2023-8-16;13:29:35;cq;20201007;2512.5;0;16684.4;15539;17.7447;4.72333;2;124;1420.25;1582.67;8;3615582;120;20;25;60;1;0;3600000
2023-8-16;13:29:38;cq;20201013;1565;0;9888.01;9209.55;23.58;16;25;97;3171.5;319.303;8;3619185;120;20;25;60;1;0;3600000
2023-8-16;13:29:40;cq;20201026;1839.5;0;14583.5;13832.1;67.8266;15.3183;0;114;1327.78;853.2;8;3624296;120;20;25;60;1;0;3600000
2023-8-16;13:29:45;cq;20201016;2060;0;12724;11953.1;173.81;25.0633;0;109;2953.88;946.021;8;3621912;120;20;25;60;1;0;3600000
2023-8-16;13:30:3;cq;20201130;2327.5;0;15109.6;13636.9;102.775;26.395;0;116;1689.24;1059.25;6;3641347;120;20;25;60;1;0;3600000
2023-8-16;13:30:12;cq;20201024;937.5;0;4248.59;3944.27;0;0;0;35;216.858;1601.31;3;3656091;120;20;25;60;1;0;3600000
2023-8-16;13:33:6;cq;20201002;2893.5;0;17939.4;16593.4;202.826;59.2436;0;130;1029.17;1495.72;8;3618766;120;20;25;60;1;0;3600000
2023-8-16;13:33:6;cq;20201102;3078.5;0;23455.8;22454.1;207.901;49.4367;0;132;362.009;3985.98;8;3620069;120;20;25;60;1;0;3600000
2023-8-16;13:33:14;cq;20201020;2673;0;16857.3;16161.9;164.37;35.515;0;131;3295.35;1951.32;8;3626776;120;20;25;60;1;0;3600000
2023-8-16;13:33:7;cq;20201009;3229;0;19988;18510.2;250.165;52.67;0;129;1229.42;4000.95;8;3617855;120;20;25;60;1;0;3600000
2023-8-16;13:33:17;cq;20201116;2939.5;0;22339.1;20640.8;596.642;53.7;0;137;1391.44;4087.24;7;3620947;120;20;25;60;1;0;3600000
2023-8-16;13:33:23;cq;20201111;3437.5;0;25485.7;23911.8;432.815;39.575;0;143;1460.83;3092.14;8;3635804;120;20;25;60;1;0;3600000
2023-8-16;13:33:28;cq;20201106;3326.5;24;21495.9;20067.1;1356.21;55.638;0;141;1375.94;2042.46;8;3632323;120;20;25;60;1;0;3600000
2023-8-16;13:33:47;cq;20201124;2685.5;0;17582.3;15797;504.322;44.72;0;128;1349.45;2527.6;8;3659295;120;20;25;60;1;0;3600000
2023-8-16;13:33:54;cq;20201126;2971;0;23517;22298.9;1321;58.0659;0;132;716.048;1862.82;7;3667807;120;20;25;60;1;0;3600000
2023-8-16;13:34:5;cq;20201120;3401.5;0;23193.7;21094.1;1034.56;55.9448;0;140;562.719;2705.31;8;3678354;120;20;25;60;1;0;3600000
2023-8-16;13:36:44;cq;20201029;3946.5;0;26000;23997.6;424.529;57.1049;0;150;637.841;5128.32;8;3623513;120;20;25;60;1;0;3600000
2023-8-16;13:36:45;cq;20201110;3485;14.5;21006.3;19226.7;1096.85;58.4482;0;141;1154.25;3921.34;8;3622585;120;20;25;60;1;0;3600000
2023-8-16;13:37:0;cq;20201014;3471;0;23104;21855.2;370.643;31.6283;0;136;466.814;3812.93;8;3638477;120;20;25;60;1;0;3600000
2023-8-16;13:37:3;cq;20201006;3739.5;0;24411;23030.5;754.887;57.4724;0;137;765.851;5062.46;8;3640934;120;20;25;60;1;0;3600000
2023-8-16;13:37:11;cq;20201112;3684.5;0;25446.7;24103;257.019;33.8783;0;142;320.137;4046.4;8;3648869;120;20;25;60;1;0;3600000
2023-8-16;13:37:22;cq;20201104;3935.5;18;27265.4;25742.9;1367.09;56.7956;0;148;190.397;3407.75;8;3655953;120;20;25;60;1;0;3600000
2023-8-16;13:37:48;cq;20201113;3670.5;0;23580.7;22176;717.859;57.34;0;144;1321.88;2470.72;8;3686138;120;20;25;60;1;0;3600000
2023-8-16;13:39:49;cq;20201118;3541;0;23804.6;22123.9;655.871;50.3821;0;138;398.254;2967.49;8;3798663;120;20;25;60;1;0;3600000
2023-8-16;13:40:9;cq;20201030;3513;0;21117.5;19479.4;669.124;45.6886;0;149;2170.23;3428.93;8;3610674;120;20;25;60;1;0;3600000
