Date;Heure;Probleme;Name;satisfiedCost;undeliveredCost;travelCost;distanceCost;firstDeliveryCost;maxfirstDelivery;clientWaitingCost;driverUsed;underWorkCost;overTimeCost;Depot;runtime;MAX_OVERTIME;INTRA_ORDER_DELIVERY;INTER_ORDER_DELIVERY;FIRST_DEL_MAX_ARRIVA;LOCAL_SEARCH;TIME_LIMIT
2023-8-12;1:21:25;cq;20201020;2641;32;17600.6;16894.8;362.172;43.86;0;134;1909.27;2489.85;8;305327;120;20;25;60;1;300000
2023-8-12;1:21:26;cq;20201031;375;0;1017.65;704.599;0;0;0;15;308.074;128.973;2;309590;120;20;25;60;1;300000
2023-8-12;1:21:26;cq;20201003;613.5;0;3920.43;3879.46;59.5017;35.7267;12;28;421.383;404.595;3;306175;120;20;25;60;1;300000
2023-8-12;1:21:26;cq;20201014;3471;;22517.2;21412.4;207.735;31.8767;0;136;1170.7;4245.02;8;304575;120;20;25;60;1;300000
2023-8-12;1:21:28;cq;20201010;267;0;745.097;523.463;0;0;0;13;55.8517;0;1;311428;120;20;25;60;1;300000
2023-8-12;1:21:29;cq;20201026;1839.5;0;14387;13720.3;38.4972;19.9611;;113;2388.11;786.426;8;309436;120;20;25;60;1;300000
2023-8-12;1:21:29;cq;20201125;2413.5;11.5;18191.5;16888.1;564.924;55.1114;0;137;1987.16;2026.47;7;309583;120;20;25;60;1;300000
2023-8-12;1:21:30;cq;20201106;3284.5;66;23251.6;22010.7;1310.53;58.475;0;141;1083.64;2760.89;8;305546;120;20;25;60;1;300000
2023-8-12;1:21:30;cq;20201009;3229;0;18771.6;17303.8;191.025;22.745;0;129;1826.24;3797.12;8;305855;120;20;25;60;1;300000
2023-8-12;1:21:30;cq;20201102;3078.5;0;23493.2;22489.1;353.295;47.7874;0;132;446.297;4130.35;8;304648;120;20;25;60;1;300000
2023-8-12;1:21:31;cq;20201013;1565;0;8633.52;8014.95;35.6494;24.4367;0;99;4282.71;246.744;8;314372;120;20;25;60;1;300000
2023-8-12;1:21:31;cq;20201116;2919.5;20;21245.7;19543.4;655.259;58.3532;0;137;1451.36;2598.71;7;311896;120;20;25;60;1;300000
2023-8-12;1:21:31;cq;20201107;333.5;0;777.252;486.932;0;0;0;18;195.398;0;2;315165;120;20;25;60;1;300000
2023-8-12;1:21:32;cq;20201130;2327.5;0;15296.2;13795.7;231.687;43.7949;0;115;1987.59;1646.4;6;311927;120;20;25;60;1;300000
2023-8-12;1:21:33;cq;20201114;388;0;1721.37;1395.19;0;0;0;18;273.997;162.1;2;312710;120;20;25;60;1;300000
2023-8-12;1:21:36;cq;20201109;1746.5;0;14779.3;13740.5;78.9482;34.2217;0;94;1011.22;2012.32;7;319003;120;20;25;60;1;300000
2023-8-12;1:21:37;cq;20201121;226.5;0;1243.55;958.349;4.29952;4.29952;0;13;15.8302;0;1;320842;120;20;25;60;1;300000
2023-8-12;1:21:38;cq;20201016;2060;0;14224.3;13466.9;118.387;27.9417;0;113;1411.38;771.369;8;318426;120;20;25;60;1;300000
2023-8-12;1:21:38;cq;20201123;2595;0;18962.8;17618.8;285.054;57.21;;128;1466.76;3295.67;7;317847;120;20;25;60;1;300000
2023-8-12;1:21:40;cq;20201007;2512.5;0;15707.4;14537.2;11.3389;5.78333;0;127;1439.29;1194.28;8;320551;120;20;25;60;1;300000
2023-8-12;1:21:52;cq;20201124;2685.5;0;17847.7;16191.7;699.099;55.72;0;128;1114.91;2311.76;8;332030;120;20;25;60;1;300000
2023-8-12;1:21:54;cq;20201021;1160.5;0;5919.83;5367.93;0;0;0;72;2948.23;762.388;6;335632;120;20;25;60;1;300000
2023-8-12;1:21:57;cq;20201128;776;0;2470.08;1848.3;0;0;0;31;475.842;653.966;3;340175;120;20;25;60;1;300000
2023-8-12;1:22:4;cq;20201002;2893.5;0;17982.9;16782.1;206.61;59.2436;0;131;1219.32;1410.23;8;344207;120;20;25;60;1;300000
2023-8-12;1:22:10;cq;20201120;3379;22.5;22312;20328.4;916.549;55.7374;0;140;1504.18;3406.43;8;345152;120;20;25;60;1;300000
2023-8-12;1:22:21;cq;20201126;2899.5;71.5;22165.9;20754.3;734.934;59.2017;0;133;584.224;1935.15;7;361242;120;20;25;60;1;300000
2023-8-12;1:22:27;cq;20201111;3437.5;0;26136.4;24499.3;344.718;37.985;0;143;804.187;3982.16;8;362734;120;20;25;60;1;300000
2023-8-12;1:22:42;cq;20201024;937.5;0;4289.01;3870.95;0;0;0;34;265.35;856.081;3;384483;120;20;25;60;1;300000
2023-8-12;1:23:36;cq;20201030;3456;57;20398.8;18719.8;862.967;59.365;0;149;2911.57;2972.64;8;312259;120;20;25;60;1;300000
2023-8-12;1:24:5;cq;20201110;3480.5;19;23176.2;21361.8;1075.47;59.9;0;142;540.192;3922.55;8;362390;120;20;25;60;1;300000
2023-8-12;1:24:44;cq;20201118;3504;37;23213.4;21631;792.088;54.7183;0;139;532.626;2317.7;8;352346;120;20;25;60;1;300000
2023-8-12;1:24:49;cq;20201104;3906;47.5;26485.4;25017.8;1240.64;57.4555;0;148;231.485;2949.74;8;310639;120;20;25;60;1;300000
2023-8-12;1:25:30;cq;20201029;3946.5;0;26001.6;24049.1;914.227;57.3405;0;150;495.869;4698.55;8;352270;120;20;25;60;1;300000
2023-8-12;1:25:32;cq;20201006;3739.5;0;26998.6;25475.6;751.388;59.4389;0;138;512.131;6032.28;8;354010;120;20;25;60;1;300000
2023-8-12;1:25:34;cq;20201112;3684.5;0;23467.8;22139.2;270.74;49.3861;;142;922.073;3716.24;8;356600;120;20;25;60;1;300000
2023-8-12;1:25:36;cq;20201113;3660.5;10;25064.6;23545.8;912.889;56.1283;0;143;321.656;3008.1;8;372886;120;20;25;60;1;300000
2023-8-12;1:29:52;cq;20201121;226.5;0;1243.55;958.349;0;0;0;13;5.84857;0;1;613729;120;20;25;60;1;600000
2023-8-12;1:29:52;cq;20201114;388;0;1796.69;1456.18;0;0;0;18;350.389;52.6887;2;614240;120;20;25;60;1;600000
2023-8-12;1:29:53;cq;20201021;1160.5;0;5952.75;5469.31;20.1359;6;22;67;2736.77;787.419;6;604085;120;20;25;60;1;600000
2023-8-12;1:30:3;cq;20201010;267;0;745.097;523.463;0;0;0;13;0;0;1;625401;120;20;25;60;1;600000
2023-8-12;1:30:5;cq;20201024;937.5;0;4158.14;3757.84;0;0;0;34;265.35;866.977;3;616219;120;20;25;60;1;600000
2023-8-12;1:30:7;cq;20201003;613.5;0;3723.12;3719.69;30.4314;13.175;0;28;399.97;725.124;3;628701;120;20;25;60;1;600000
2023-8-12;1:30:10;cq;20201128;776;0;2381.4;1765.85;0;0;0;29;1043.33;670.948;3;621448;120;20;25;60;1;600000
2023-8-12;1:30:14;cq;20201031;375;0;1017.65;704.599;0;0;0;15;176.682;118.782;2;636238;120;20;25;60;1;600000
2023-8-12;1:30:19;cq;20201107;333.5;0;787.75;491.104;0;0;0;18;183.553;0;2;640575;120;20;25;60;1;600000
2023-8-12;1:30:55;cq;20201013;1565;0;8946.91;8371.43;20.3427;13.0367;0;96;5185.11;451.162;8;604969;120;20;25;60;1;600000
2023-8-12;1:31:27;cq;20201026;1839.5;0;13989.8;13280;36.3925;10.4183;3;115;2130.45;565.787;8;603577;120;20;25;60;1;600000
2023-8-12;1:31:39;cq;20201007;2512.5;0;15464.5;14239.2;13.8267;8.82667;0;126;1940.55;1542.54;8;603409;120;20;25;60;1;600000
2023-8-12;1:31:44;cq;20201126;2939.5;31.5;22212.2;20719.1;1001.26;56.5443;0;133;601.413;1850.55;7;607198;120;20;25;60;1;600000
2023-8-12;1:31:46;cq;20201116;2939.5;0;22291.7;20592.9;761.756;49.6133;0;137;1194.57;3476.27;7;608487;120;20;25;60;1;600000
2023-8-12;1:31:48;cq;20201124;2685.5;0;18049.7;16194.1;199.463;34.5083;0;128;632.959;3135.52;8;607811;120;20;25;60;1;600000
2023-8-12;1:31:50;cq;20201002;2893.5;0;18026.3;16660.9;327.644;58.8883;0;129;1463.39;1644.58;8;609899;120;20;25;60;1;600000
2023-8-12;1:31:51;cq;20201130;2327.5;0;16106.6;14484.6;190.875;42.3733;0;117;1018.14;1227.65;6;614609;120;20;25;60;1;600000
2023-8-12;1:31:51;cq;20201016;2060;0;13664.9;12899.3;117.051;16.7555;0;112;1896.49;849.542;8;619761;120;20;25;60;1;600000
2023-8-12;1:31:52;cq;20201120;3391.5;10;23361.6;21263;1092.72;56.1267;0;140;1046.59;3126.39;8;610649;120;20;25;60;1;600000
2023-8-12;1:31:52;cq;20201109;1746.5;0;14552.8;13467.8;57.4343;29.8217;0;94;1388.56;1532.83;7;628321;120;20;25;60;1;600000
2023-8-12;1:31:52;cq;20201014;3471;;24828.3;23731;429.988;36.5333;0;137;335.693;4347.55;8;609468;120;20;25;60;1;600000
2023-8-12;1:31:54;cq;20201102;3078.5;0;23926.3;22964.6;322.182;37.7233;0;132;390.39;3006.64;8;614140;120;20;25;60;1;600000
2023-8-12;1:31:56;cq;20201020;2673;0;18932;18225.4;356.046;49.8633;0;134;1556.34;1777.42;8;617381;120;20;25;60;1;600000
2023-8-12;1:32:3;cq;20201009;3229;0;20568.2;19080.3;206.929;41.7333;0;129;641.962;3531.75;8;622729;120;20;25;60;1;600000
2023-8-12;1:32:4;cq;20201110;3469.5;30;23258.1;21501.4;948.77;59.0264;0;142;706.689;3730.43;8;618365;120;20;25;60;1;600000
2023-8-12;1:32:7;cq;20201125;2425;0;20307.2;18816.8;223.971;48.3217;0;137;1476.26;1370.35;7;631799;120;20;25;60;1;600000
2023-8-12;1:32:9;cq;20201006;3739.5;0;25497;24071.6;721.929;53.5461;;137;845.824;5963.93;8;610674;120;20;25;60;1;600000
2023-8-12;1:32:10;cq;20201029;3946.5;0;25994;24093.5;681.639;59.185;0;150;847.515;5029.82;8;606512;120;20;25;60;1;600000
2023-8-12;1:32:14;cq;20201030;3513;0;20851.4;19171.9;987.643;59.365;0;149;2488.7;3160.24;8;627874;120;20;25;60;1;600000
2023-8-12;1:32:20;cq;20201112;3684.5;0;24370.4;22968.9;282.444;27.2517;0;142;469.429;3927.51;8;629186;120;20;25;60;1;600000
2023-8-12;1:32:26;cq;20201111;3437.5;0;25848.1;24328.5;415.621;43.7483;0;142;1252.2;4936.62;8;644675;120;20;25;60;1;600000
2023-8-12;1:32:27;cq;20201113;3670.5;0;25536.8;24003;979.917;56.7186;0;144;299.008;3358.86;8;639856;120;20;25;60;1;600000
2023-8-12;1:32:40;cq;20201106;3308.5;42;22884.7;21635.7;1033.21;58.715;0;141;1074.22;2283.36;8;658628;120;20;25;60;1;600000
2023-8-12;1:32:54;cq;20201104;3919;34.5;26703.2;25200.1;1136.39;57.5293;0;148;118.981;3209.41;8;649865;120;20;25;60;1;600000
2023-8-12;1:32:59;cq;20201123;2595;0;19045.8;17668.2;272.455;52.5233;0;128;1325.2;2272.67;7;683807;120;20;25;60;1;600000
2023-8-12;1:33:9;cq;20201118;3541;;21610.8;20161.7;929.378;59.2933;0;139;635.641;1977.54;8;683165;120;20;25;60;1;600000
2023-8-12;1:52:30;cq;20201107;333.5;0;753.263;471.468;0;0;0;18;149.841;;2;1807785;120;20;25;60;1;1800000
2023-8-12;1:52:30;cq;20201031;375;0;1017.65;704.599;0;0;0;15;94.9211;63.7817;2;1807892;120;20;25;60;1;1800000
2023-8-12;1:52:30;cq;20201010;267;0;745.097;523.463;0;0;0;13;0;0;1;1811370;120;20;25;60;1;1800000
2023-8-12;1:52:31;cq;20201121;226.5;0;1243.55;958.349;0;0;0;13;30.5119;0;1;1817543;120;20;25;60;1;1800000
2023-8-12;1:52:34;cq;20201114;388;0;1745;1416.94;0;0;0;19;125.634;252.1;2;1804406;120;20;25;60;1;1800000
2023-8-12;1:52:58;cq;20201128;776;0;2354.94;1745.4;0;0;0;29;970.363;639.633;3;1803720;120;20;25;60;1;1800000
2023-8-12;1:53:2;cq;20201003;613.5;0;3585.37;3603.83;12.41;12.41;;29;244.036;778.978;3;1826921;120;20;25;60;1;1800000
2023-8-12;1:53:7;cq;20201016;2060;0;12584.2;11827.7;109.453;21.9;0;101;4642.51;1267.25;8;1804117;120;20;25;60;1;1800000
2023-8-12;1:53:10;cq;20201026;1839.5;0;14024.1;13328.9;59.0672;38.1827;0;113;2339.45;837.521;8;1807150;120;20;25;60;1;1800000
2023-8-12;1:53:11;cq;20201109;1746.5;0;14088.9;13061.5;60.0965;23.0217;0;94;995.456;1619.71;7;1808799;120;20;25;60;1;1800000
2023-8-12;1:53:12;cq;20201024;937.5;0;4284.63;3981.13;0;0;0;35;280.823;1605.26;3;1810290;120;20;25;60;1;1800000
2023-8-12;1:53:17;cq;20201123;2595;0;19058.8;17685.1;199.334;54.4;0;127;1925.76;2308.88;7;1815708;120;20;25;60;1;1800000
2023-8-12;1:53:20;cq;20201007;2512.5;0;16628.3;15531.7;12.4067;9.63333;3;125;1363.38;1260.87;8;1818471;120;20;25;60;1;1800000
2023-8-12;1:53:21;cq;20201130;2327.5;0;15295.9;13704.5;87.6692;30.876;0;116;1790.05;1533.45;6;1818502;120;20;25;60;1;1800000
2023-8-12;1:53:30;cq;20201021;1160.5;0;6864.6;6317.57;3;2;0;70;2504.86;882.652;6;1828167;120;20;25;60;1;1800000
2023-8-12;1:53:34;cq;20201013;1565;0;9821.18;9180.86;24.7097;13.0367;4;96;3533.41;344.22;8;1832183;120;20;25;60;1;1800000
2023-8-12;1:53:39;cq;20201125;2425;0;18924.5;17622.2;235.248;56.6898;0;136;2060.38;2039.39;7;1836334;120;20;25;60;1;1800000
2023-8-12;1:53:57;cq;20201020;2673;0;18701.2;18011.7;205.216;48;0;132;1818.94;1688.76;8;1813633;120;20;25;60;1;1800000
2023-8-12;1:54:45;cq;20201124;2685.5;0;17271.8;15531.2;211.835;54.5482;0;127;1734.65;2108.78;8;1831143;120;20;25;60;1;1800000
2023-8-12;1:55:3;cq;20201002;2893.5;0;18353.5;17130.6;209.465;47.351;;130;852.955;1653.52;8;1810420;120;20;25;60;1;1800000
2023-8-12;1:56:37;cq;20201120;3391.5;10;23399.6;21291.6;1137.69;59.685;0;140;861.124;3125.99;8;1807455;120;20;25;60;1;1800000
2023-8-12;1:56:42;cq;20201116;2939.5;0;21971.5;20281.5;654.764;53.7;0;137;1591.44;3061.05;7;1849827;120;20;25;60;1;1800000
2023-8-12;1:56:45;cq;20201126;2971;;22996.7;21631.3;1054.09;56.961;;133;409.03;2094.81;7;1817767;120;20;25;60;1;1800000
2023-8-12;1:56:48;cq;20201102;3078.5;0;23470.9;22505.5;171.658;34.4367;0;132;498.782;4783.71;8;1821347;120;20;25;60;1;1800000
2023-8-12;1:57:8;cq;20201106;3336;14.5;21649.9;20255.8;1449.29;59.5501;;141;1298.72;2059.43;8;1841368;120;20;25;60;1;1800000
2023-8-12;1:57:19;cq;20201009;3229;0;21315.7;19880.7;232.833;49.4731;;129;393.199;4201.84;8;1851840;120;20;25;60;1;1800000
2023-8-12;1:57:20;cq;20201030;3513;0;21134.6;19359.6;657.566;54.7233;0;149;2018.28;3179.38;8;1850629;120;20;25;60;1;1800000
2023-8-12;1:57:23;cq;20201110;3476;23.5;21935.3;20030.3;1100.42;54.8917;0;141;838.987;3669.44;8;1853108;120;20;25;60;1;1800000
2023-8-12;1:57:24;cq;20201118;3541;;23726.6;22215.3;969.709;59.3725;0;139;329.181;2897.7;8;1854245;120;20;25;60;1;1800000
2023-8-12;1:57:26;cq;20201111;3437.5;0;24933.4;23239.8;354.446;29.4267;0;143;1219.09;4108.43;8;1856300;120;20;25;60;1;1800000
2023-8-12;1:58:16;cq;20201014;3471;;21209.1;20000.4;439.729;52.5117;0;137;796.05;3517.27;8;1906342;120;20;25;60;1;1800000
2023-8-12;2:0:47;cq;20201104;3953.5;0;25713.5;24260.3;1093.74;59.285;0;148;731.919;3776.33;8;1850912;120;20;25;60;1;1800000
2023-8-12;2:0:56;cq;20201006;3739.5;0;25195.9;23898.2;798.61;59.2633;0;137;1018.54;5400.52;8;1858639;120;20;25;60;1;1800000
2023-8-12;2:1:1;cq;20201029;3946.5;0;25987.7;24146.2;421.131;57.1049;0;150;618.912;5370.2;8;1865574;120;20;25;60;1;1800000
2023-8-12;2:1:2;cq;20201113;3670.5;0;24580.3;23202;808.403;59.5967;0;143;672.477;3807.83;8;1865824;120;20;25;60;1;1800000
2023-8-12;2:2:5;cq;20201112;3684.5;0;23425.4;22007;243.773;58.9083;0;142;706.462;3911.52;8;1927800;120;20;25;60;1;1800000
2023-8-12;2:30:16;cq;20201114;388;0;1697.88;1373.31;;0;3;17;674.59;240.727;2;3620842;120;20;25;60;1;3600000
2023-8-12;2:30:18;cq;20201003;613.5;0;3871.13;3841.08;12;12;0;29;95.8967;631.153;3;3619234;120;20;25;60;1;3600000
2023-8-12;2:30:20;cq;20201107;333.5;0;753.263;471.468;0;0;0;18;131.472;0;2;3624773;120;20;25;60;1;3600000
2023-8-12;2:30:24;cq;20201031;375;0;1015.38;703.456;0;0;0;15;144.256;173.353;2;3627955;120;20;25;60;1;3600000
2023-8-12;2:30:26;cq;20201121;226.5;0;1243.55;958.349;0;0;0;13;0;0;1;3630200;120;20;25;60;1;3600000
2023-8-12;2:30:28;cq;20201010;267;0;745.097;523.463;0;0;0;13;0;0;1;3632084;120;20;25;60;1;3600000
2023-8-12;2:30:31;cq;20201128;776;0;2278.19;1668.83;0;0;0;30;578.101;630.987;3;3614104;120;20;25;60;1;3600000
2023-8-12;2:31:23;cq;20201021;1160.5;0;5839.88;5306.29;3.13722;3.13722;0;71;3394.28;199.335;6;3618775;120;20;25;60;1;3600000
2023-8-12;2:31:42;cq;20201013;1565;0;9132.1;8584.66;20;15;15;94;4087.5;628.981;8;3605510;120;20;25;60;1;3600000
2023-8-12;2:31:42;cq;20201024;937.5;0;4083.95;3680.71;;0;33;31;720;941.153;3;3685575;120;20;25;60;1;3600000
2023-8-12;2:32:4;cq;20201125;2425;0;18374.4;17025.9;238.619;37.975;0;135;2665.76;1670.43;7;3604929;120;20;25;60;1;3600000
2023-8-12;2:32:5;cq;20201109;1746.5;0;14520.9;13561.7;20.1583;11.1467;9;92;1836.77;1753.17;7;3617409;120;20;25;60;1;3600000
2023-8-12;2:32:7;cq;20201002;2893.5;0;18594.7;17307.4;122.928;33.446;0;128;1612.13;2318.52;8;3604862;120;20;25;60;1;3600000
2023-8-12;2:32:7;cq;20201026;1839.5;0;14114.5;13426.2;49.3487;40.2854;4;116;2054.44;1039;8;3616439;120;20;25;60;1;3600000
2023-8-12;2:32:10;cq;20201016;2060;0;12866.3;12168.8;56.8345;18.0412;0;107;3389.58;1187.84;8;3614512;120;20;25;60;1;3600000
2023-8-12;2:32:11;cq;20201130;2327.5;0;15535;13998.3;85.1152;37.2236;0;117;1354.72;1811.99;6;3616700;120;20;25;60;1;3600000
2023-8-12;2:32:14;cq;20201123;2595;0;20557.2;19139.8;383.587;53.8217;0;127;1123.54;1972.57;7;3613553;120;20;25;60;1;3600000
2023-8-12;2:32:21;cq;20201007;2512.5;0;15810.7;14754.1;9.61889;3;19;127;1534.35;2244.99;8;3618532;120;20;25;60;1;3600000
2023-8-12;2:32:22;cq;20201120;3401.5;0;24233.1;22376.6;972.702;56.565;0;140;426.502;3263.74;8;3603331;120;20;25;60;1;3600000
2023-8-12;2:32:29;cq;20201102;3078.5;0;25020;24168.7;165.03;27.2367;0;132;257.869;3404.75;8;3620358;120;20;25;60;1;3600000
2023-8-12;2:32:31;cq;20201126;2962;9;21442.5;20098.1;1165.4;53.2917;0;133;1468.76;1813.71;7;3625256;120;20;25;60;1;3600000
2023-8-12;2:32:33;cq;20201020;2673;0;17017.3;16290.1;214.756;59.6017;0;130;3530.47;1781.55;8;3632699;120;20;25;60;1;3600000
2023-8-12;2:32:34;cq;20201116;2939.5;0;22064.8;20350.8;703.672;53.7;0;137;739.942;3397.78;7;3631242;120;20;25;60;1;3600000
2023-8-12;2:32:35;cq;20201014;3471;;21111.6;19872.3;302.595;56.99;0;136;739.897;2935.73;8;3612322;120;20;25;60;1;3600000
2023-8-12;2:32:41;cq;20201110;3499.5;0;23748.6;21903.4;956.78;55.8667;0;142;425.838;4099.54;8;3611166;120;20;25;60;1;3600000
2023-8-12;2:32:44;cq;20201106;3350.5;0;23758.4;22270.9;1081.25;56.6141;;141;390.157;3480.49;8;3628889;120;20;25;60;1;3600000
2023-8-12;2:32:51;cq;20201124;2685.5;0;18768.3;17134.4;144.255;56.845;0;128;833.76;3493.69;8;3648117;120;20;25;60;1;3600000
2023-8-12;2:32:51;cq;20201118;3541;;21763.5;20259.6;376.561;51.7333;0;137;895.193;4147.29;8;3613856;120;20;25;60;1;3600000
2023-8-12;2:32:53;cq;20201111;3437.5;0;27589.5;25996.6;205.094;21.675;0;143;999.131;4163.34;8;3633758;120;20;25;60;1;3600000
2023-8-12;2:33:2;cq;20201113;3670.5;0;23930.8;22562.4;503.481;52.5233;0;144;418.48;3021.73;8;3614101;120;20;25;60;1;3600000
2023-8-12;2:33:27;cq;20201030;3513;0;23336.7;21682.7;869.598;59.3821;;148;1776.85;2541.5;8;3653075;120;20;25;60;1;3600000
2023-8-12;2:33:29;cq;20201009;3229;0;20175.9;18685.6;144.4;21.6033;0;128;891.009;4296.12;8;3677713;120;20;25;60;1;3600000
2023-8-12;2:33:55;cq;20201112;3684.5;0;23779.8;22376.8;224.497;56.4648;0;142;791.453;4765.08;8;3651361;120;20;25;60;1;3600000
2023-8-12;2:34:0;cq;20201029;3946.5;0;26835.1;24940.4;296.491;57.1049;0;150;244.954;4736.54;8;3642059;120;20;25;60;1;3600000
2023-8-12;2:34:31;cq;20201006;3739.5;0;24277.3;22786.8;863.788;59.2633;0;138;812.198;5429.56;8;3681321;120;20;25;60;1;3600000
2023-8-12;2:34:34;cq;20201104;3953.5;0;26180;24686.1;601.904;52.2528;0;148;273.11;3509.98;8;3674711;120;20;25;60;1;3600000
2023-8-12;20:30:58;cq;20201128;776;0;2386.48;1779.39;0;0;0;30;813.187;637.12;3;306142;120;20;25;60;1;300000
2023-8-12;20:30:58;cq;20201021;1160.5;0;6063.32;5596.02;8.98111;4;0;65;3541.79;1300.42;6;306862;120;20;25;60;1;300000
2023-8-12;20:31:0;cq;20201031;375;0;1018.78;705.171;;0;29;15;198.233;142.401;2;307781;120;20;25;60;1;300000
2023-8-12;20:31:0;cq;20201114;388;0;1791.03;1454.64;0;0;0;19;177.684;0;2;308419;120;20;25;60;1;300000
2023-8-12;20:31:6;cq;20201010;267;0;745.097;523.463;0;0;0;13;34.8517;0;1;313918;120;20;25;60;1;300000
2023-8-12;20:31:20;cq;20201107;333.5;0;753.263;471.468;0;0;0;18;327.696;0;2;328222;120;20;25;60;1;300000
2023-8-12;20:31:28;cq;20201121;226.5;0;1243.55;958.349;4.29952;4.29952;0;13;93.2433;0;1;334857;120;20;25;60;1;300000
2023-8-12;20:31:31;cq;20201013;1565;0;9399.85;8823.18;29.9083;24.4367;0;98;3353.46;261.214;8;339079;120;20;25;60;1;300000
2023-8-12;20:31:40;cq;20201003;613.5;0;4279.45;4270.37;57.445;38.775;0;29;182.948;476.825;3;347899;120;20;25;60;1;300000
2023-8-12;20:31:54;cq;20201024;937.5;0;4204.87;3798.12;0;0;0;33;517.707;949.962;3;361941;120;20;25;60;1;300000
2023-8-12;20:34:15;cq;20201016;2060;0;12470.9;11712.7;107.017;31.3125;7;112;2581.42;926.833;8;307126;120;20;25;60;1;300000
2023-8-12;20:34:18;cq;20201130;2327.5;0;14881;13287.6;203.749;49.8367;0;117;1758.98;1281.91;6;310057;120;20;25;60;1;300000
2023-8-12;20:34:20;cq;20201125;2425;0;19681.5;18241.5;790.726;56.6898;0;136;1437.04;1512.92;7;312391;120;20;25;60;1;300000
2023-8-12;20:34:23;cq;20201026;1839.5;0;13725.8;13017.9;62.2909;28.5882;7;114;2366.84;491.153;8;314654;120;20;25;60;1;300000
2023-8-12;20:34:25;cq;20201109;1746.5;0;14603.5;13595.8;30.645;13;1;94;876.092;1465.7;7;316759;120;20;25;60;1;300000
2023-8-12;20:34:30;cq;20201124;2677.5;8;16681.5;14982.9;528.459;52.3095;0;128;1208.93;2385.71;8;322058;120;20;25;60;1;300000
2023-8-12;20:34:40;cq;20201002;2893.5;0;18242.6;17002.5;237.361;59.2436;0;130;1369.16;1491.69;8;330571;120;20;25;60;1;300000
2023-8-12;20:34:40;cq;20201020;2673;0;17015;16370.7;445.537;58.3033;0;129;3017.16;2684.06;8;332271;120;20;25;60;1;300000
2023-8-12;20:34:49;cq;20201007;2512.5;0;15242.3;14032.8;17.0593;10.0593;0;125;2139.81;1987.83;8;332072;120;20;25;60;1;300000
2023-8-12;20:34:57;cq;20201123;2595;0;20649.5;19233.6;377.452;55.525;0;127;842.426;1904.08;7;349966;120;20;25;60;1;300000
2023-8-12;20:37:33;cq;20201111;3437.5;0;24479.1;22807.7;473.066;59.2396;0;143;1360.26;3759.04;8;310729;120;20;25;60;1;300000
2023-8-12;20:37:34;cq;20201106;3308.5;42;22124.7;20808.8;1076.83;48.3006;0;141;1436.43;2132.96;8;311453;120;20;25;60;1;300000
2023-8-12;20:37:37;cq;20201116;2939.5;0;22042.6;20376.6;899.091;59.706;0;137;1609.67;3762.73;7;314955;120;20;25;60;1;300000
2023-8-12;20:37:41;cq;20201102;3078.5;0;23583.7;22636.3;320.344;31.9117;0;132;421.215;3130.49;8;318085;120;20;25;60;1;300000
2023-8-12;20:37:51;cq;20201014;3471;;24236.9;23087.2;387.725;35.8867;0;136;204.948;4082.18;8;328697;120;20;25;60;1;300000
2023-8-12;20:37:54;cq;20201110;3480.5;19;24056.4;22261.7;925.134;57.4417;0;142;617.699;3616.12;8;330796;120;20;25;60;1;300000
2023-8-12;20:37:56;cq;20201030;3513;0;21021.1;19323.5;808.54;59.5917;0;149;2662.71;2861.06;8;333142;120;20;25;60;1;300000
2023-8-12;20:38:3;cq;20201120;3383.5;18;23802.2;21674.7;1066.8;57.66;0;140;827.265;3179.29;8;339849;120;20;25;60;1;300000
2023-8-12;20:38:4;cq;20201009;3229;0;18658.4;17175.1;283.867;47.6783;0;129;1754.29;3337.82;8;341134;120;20;25;60;1;300000
2023-8-12;20:38:43;cq;20201126;2921.5;49.5;21960.4;20704.8;817.914;57.71;;133;852.434;2788.57;7;381181;120;20;25;60;1;300000
2023-8-12;20:40:48;cq;20201006;3727.5;12;25713.3;24281.5;1055.73;57.5933;0;137;789.156;5435.25;8;313289;120;20;25;60;1;300000
2023-8-12;20:40:55;cq;20201113;3670.5;0;24415.2;22914.9;655.727;56.1411;;144;425.787;4001.95;8;320516;120;20;25;60;1;300000
2023-8-12;20:41:14;cq;20201029;3946.5;0;24717.9;22838.4;708.131;57.1049;0;150;1004.18;4424.5;8;339306;120;20;25;60;1;300000
2023-8-12;20:41:14;cq;20201118;3541;;21793.8;20325.5;523.828;57.4933;0;139;844.985;3049.83;8;339590;120;20;25;60;1;300000
2023-8-12;20:41:32;cq;20201112;3684.5;0;22887.4;21478.6;404.958;46.356;0;142;686.33;4488.19;8;357662;120;20;25;60;1;300000
2023-8-12;20:42:18;cq;20201104;3935.5;18;25584.2;24049.4;933.841;53.4883;0;148;570.174;4251.11;8;404282;120;20;25;60;1;300000
2023-8-12;20:45:39;cq;20201107;333.5;0;753.263;471.468;0;0;0;18;231.946;0;2;604107;120;20;25;60;1;600000
2023-8-12;20:45:41;cq;20201031;375;0;1018.78;705.171;;0;12;15;282.603;124.335;2;606162;120;20;25;60;1;600000
2023-8-12;20:45:47;cq;20201010;267;0;745.097;523.463;0;0;0;13;0;0;1;612883;120;20;25;60;1;600000
2023-8-12;20:45:47;cq;20201121;226.5;0;1243.55;958.349;0;0;0;13;0;0;1;612936;120;20;25;60;1;600000
2023-8-12;20:48:1;cq;20201021;1160.5;0;6522.68;6015.39;3.66667;2;0;63;3029.18;751.196;6;306741;120;20;25;60;1;300000
2023-8-12;20:48:2;cq;20201029;3946.5;0;27302.5;25258;843.581;57.1049;0;150;244.963;5009.77;8;307385;120;20;25;60;1;300000
2023-8-12;20:48:2;cq;20201031;375;0;1018.78;705.17;0;0;18;15;353.423;260.474;2;305134;120;20;25;60;1;300000
2023-8-12;20:48:5;cq;20201107;333.5;0;769.787;491.738;0;0;8;18;458.699;0;2;310014;120;20;25;60;1;300000
2023-8-12;20:48:5;cq;20201030;3478;35;20170.5;18436.9;835.723;55.1633;0;149;2239.1;2709.78;8;308042;120;20;25;60;1;300000
2023-8-12;20:48:6;cq;20201109;1746.5;0;15493.7;14420.2;43.0493;24.2217;0;92;948.129;1238.75;7;310026;120;20;25;60;1;300000
2023-8-12;20:48:7;cq;20201013;1565;0;10071.7;9460.15;30.2135;24.4367;0;94;2677.86;338.418;8;310617;120;20;25;60;1;300000
2023-8-12;20:48:8;cq;20201010;267;0;745.097;523.463;0;0;0;13;0;0;1;303163;120;20;25;60;1;300000
2023-8-12;20:48:9;cq;20201128;776;0;2403.03;1788.43;0;0;0;30;686.838;749.237;3;313612;120;20;25;60;1;300000
2023-8-12;20:48:11;cq;20201007;2512.5;0;15235.7;14023.9;13.8058;5.90667;0;127;1500.24;1824.2;8;316691;120;20;25;60;1;300000
2023-8-12;20:48:14;cq;20201118;3506.5;34.5;22564.2;21048.3;902.449;58.8117;0;139;455.435;2555.16;8;318513;120;20;25;60;1;300000
2023-8-12;20:48:15;cq;20201121;226.5;0;1243.55;958.349;0;0;0;13;84.5962;0;1;317673;120;20;25;60;1;300000
2023-8-12;20:48:16;cq;20201016;2060;0;12391.4;11610.4;124.403;33.4633;0;110;3035.31;1335.86;8;322056;120;20;25;60;1;300000
2023-8-12;20:48:17;cq;20201102;3078.5;0;24523;23618.4;202.337;51.9;0;132;244.124;3639.28;8;320516;120;20;25;60;1;300000
2023-8-12;20:48:18;cq;20201130;2327.5;0;16374;14809;337.737;51.55;0;117;1127.26;1154.64;6;323970;120;20;25;60;1;300000
2023-8-12;20:48:19;cq;20201123;2554;41;18066.8;16780.7;482.415;43.8767;0;127;1657.18;1702.97;7;324247;120;20;25;60;1;300000
2023-8-12;20:48:20;cq;20201003;613.5;0;3664.65;3643.83;40.5117;18.775;0;29;125.993;668.403;3;324562;120;20;25;60;1;300000
2023-8-12;20:48:23;cq;20201006;3702.5;37;24603.5;23127;936.351;57.8633;0;137;1179.36;5421.84;8;327880;120;20;25;60;1;300000
2023-8-12;20:48:23;cq;20201026;1839.5;0;13885.4;13159.2;61.9222;33.1827;0;115;2566.11;626.764;8;328316;120;20;25;60;1;300000
2023-8-12;20:48:25;cq;20201120;3401.5;0;24256.3;22158.7;1432.63;59.1717;0;140;589.934;2939.73;8;326466;120;20;25;60;1;300000
2023-8-12;20:48:27;cq;20201002;2893.5;0;18185.5;16880.9;372.516;45.4112;0;128;1525.62;1720.3;8;330011;120;20;25;60;1;300000
2023-8-12;20:48:28;cq;20201125;2405.5;19.5;19467.2;18081;585.869;57.7;0;134;1822.51;1766.14;7;333504;120;20;25;60;1;300000
2023-8-12;20:48:30;cq;20201112;3684.5;0;22500.1;20955.4;742.103;58.5;0;141;947.18;3265.37;8;334872;120;20;25;60;1;300000
2023-8-12;20:48:31;cq;20201116;2939.5;0;23200.3;21599.9;1005.99;51.5433;0;137;636.646;2788.97;7;334141;120;20;25;60;1;300000
2023-8-12;20:48:37;cq;20201106;3308.5;42;21283.6;19887.7;1307.62;56.69;0;140;1664.9;1565.65;8;338832;120;20;25;60;1;300000
2023-8-12;20:48:38;cq;20201124;2685.5;0;18489.1;16737.7;452.593;44.0305;0;128;1190.99;3233.8;8;341769;120;20;25;60;1;300000
2023-8-12;20:48:40;cq;20201126;2971;;22519.8;21348.1;1342.14;58.71;;133;1248.98;1896.7;7;343452;120;20;25;60;1;300000
2023-8-12;20:48:43;cq;20201111;3437.5;0;26407.2;24862.7;526.949;50.0183;0;143;405.471;4102.17;8;344352;120;20;25;60;1;300000
2023-8-12;20:48:43;cq;20201014;3471;;21598.5;20460.5;444.519;43.8033;0;135;952.419;3374.72;8;344440;120;20;25;60;1;300000
2023-8-12;20:48:43;cq;20201104;3919;34.5;25279.7;23759.8;917.087;57.145;0;148;498.238;2941.08;8;348403;120;20;25;60;1;300000
2023-8-12;20:48:47;cq;20201113;3670.5;0;25709.9;24264.5;484.092;57.5976;0;143;594.067;2990.43;8;351723;120;20;25;60;1;300000
2023-8-12;20:48:47;cq;20201024;937.5;0;4129.79;3724.19;0;0;16;33;415.35;813.167;3;352370;120;20;25;60;1;300000
2023-8-12;20:48:50;cq;20201020;2641;32;16674.5;16061.1;371.571;53.1517;0;130;2794.96;2270.88;8;355046;120;20;25;60;1;300000
2023-8-12;20:48:53;cq;20201114;388;0;1740.48;1407.99;0;0;0;19;210.47;123.1;2;302873;120;20;25;60;1;300000
2023-8-12;20:48:57;cq;20201109;1746.5;0;15362.6;14270.8;18.0159;6.72333;0;87;1973.84;1493.96;7;609208;120;20;25;60;1;600000
2023-8-12;20:48:57;cq;20201016;2060;0;12456.7;11714.6;115.999;32.1746;0;106;3977.35;1392.27;8;609351;120;20;25;60;1;600000
2023-8-12;20:48:58;cq;20201013;1565;0;8950.2;8380.45;26.1639;13.0367;4;92;4683.59;629.77;8;610245;120;20;25;60;1;600000
2023-8-12;20:48:58;cq;20201110;3476;23.5;22776.4;21064.3;952.933;54.5183;0;142;1305.87;4034.65;8;363629;120;20;25;60;1;300000
2023-8-12;20:49:11;cq;20201130;2327.5;0;15796.1;14212.4;163.525;47.3733;14;117;1014.48;457.723;6;623285;120;20;25;60;1;600000
2023-8-12;20:49:14;cq;20201021;1160.5;0;5676.9;5132.2;4.44881;3;4;68;3488.37;569.978;6;626811;120;20;25;60;1;600000
2023-8-12;20:49:19;cq;20201009;3229;0;18584.9;17020.7;670.502;56.75;0;129;1915.11;2740.31;8;383172;120;20;25;60;1;300000
2023-8-12;20:49:20;cq;20201026;1839.5;0;13752.4;13025.4;26.162;12.3935;8;114;2687.05;770.384;8;632665;120;20;25;60;1;600000
2023-8-12;20:49:21;cq;20201114;388;0;1783.65;1448.68;0;0;0;19;213.557;0;2;632009;120;20;25;60;1;600000
2023-8-12;20:49:25;cq;20201128;776;0;2357.72;1746.74;0;0;0;29;613.585;630.633;3;637508;120;20;25;60;1;600000
2023-8-12;20:49:39;cq;20201003;613.5;0;3971.35;3918.52;11.41;11.41;;28;306.902;826.609;3;650968;120;20;25;60;1;600000
2023-8-12;20:51:59;cq;20201007;2512.5;0;15622.6;14426.3;18.9611;6;0;126;1348.12;1628.52;8;619453;120;20;25;60;1;600000
2023-8-12;20:51:59;cq;20201125;2425;0;17917.7;16559.4;457.304;56.6898;0;136;2803.35;2043.33;7;620261;120;20;25;60;1;600000
2023-8-12;20:52:0;cq;20201002;2893.5;0;18712.9;17527.8;266.505;49.2436;0;128;1761.7;1687.91;8;618047;120;20;25;60;1;600000
2023-8-12;20:52:4;cq;20201009;3229;0;21309;19922.5;302.781;39.7817;0;128;629.467;3836.57;8;614490;120;20;25;60;1;600000
2023-8-12;20:52:6;cq;20201102;3078.5;0;24849.4;23879;218.456;22.24;0;132;277.021;3294.83;8;617006;120;20;25;60;1;600000
2023-8-12;20:52:13;cq;20201124;2672.5;13;16335.3;14735.8;627.542;55.6239;0;127;1901.59;1911.73;8;630281;120;20;25;60;1;600000
2023-8-12;20:52:27;cq;20201111;3437.5;0;26288.6;24728;291.132;31.595;0;142;929.337;3476.36;8;637184;120;20;25;60;1;600000
2023-8-12;20:52:31;cq;20201123;2595;0;20632.4;19238;348.749;54.5717;0;128;566.764;2269.18;7;651403;120;20;25;60;1;600000
2023-8-12;20:52:35;cq;20201106;3326.5;24;23871.9;22586.7;1282.74;59.975;0;141;1145.72;2503.91;8;645981;120;20;25;60;1;600000
2023-8-12;20:52:39;cq;20201120;3391.5;10;24785;22795;1248.02;57.3889;0;140;764.688;3133.51;8;648647;120;20;25;60;1;600000
2023-8-12;20:52:51;cq;20201030;3513;0;22930.4;21081.8;583.748;58.0867;0;149;942.909;2446.24;8;661877;120;20;25;60;1;600000
2023-8-12;20:52:52;cq;20201020;2641;32;16954.9;16297.4;466.008;54.3633;0;126;3526.93;2268.55;8;671665;120;20;25;60;1;600000
2023-8-12;20:52:53;cq;20201126;2939.5;31.5;23314.1;21913;1077.84;59.3817;0;133;905.192;2556.7;7;664160;120;20;25;60;1;600000
2023-8-12;20:52:58;cq;20201123;2595;0;21031.7;19656.6;458.743;54.2083;0;128;660.078;1711.22;7;603937;120;20;25;60;1;600000
2023-8-12;20:53:0;cq;20201110;3476;23.5;23124.3;21287.3;1235.65;57.2539;0;142;468.787;3662.01;8;604026;120;20;25;60;1;600000
2023-8-12;20:53:1;cq;20201007;2512.5;0;16394.6;15247.3;22.7072;10.7833;0;125;1648.25;1178.62;8;606186;120;20;25;60;1;600000
2023-8-12;20:53:1;cq;20201010;267;0;745.097;523.463;0;0;0;13;0;0;1;605680;120;20;25;60;1;600000
2023-8-12;20:53:3;cq;20201107;333.5;0;753.263;471.468;0;0;0;18;562.563;0;2;608186;120;20;25;60;1;600000
2023-8-12;20:53:3;cq;20201031;375;0;1017.65;704.599;0;0;0;15;270.523;157.782;2;603461;120;20;25;60;1;600000
2023-8-12;20:53:4;cq;20201013;1565;0;9434.07;8921.89;25.3911;13.0367;4;96;3259.87;586.325;8;609452;120;20;25;60;1;600000
2023-8-12;20:53:5;cq;20201114;388;0;1796.8;1451.96;0;0;0;19;242.224;218.863;2;609106;120;20;25;60;1;600000
2023-8-12;20:53:6;cq;20201128;776;0;2364.07;1753.42;0;0;0;29;978.775;891.39;3;610226;120;20;25;60;1;600000
2023-8-12;20:53:9;cq;20201109;1746.5;0;14233.7;13209.5;52.8517;12.76;22;94;1424.61;1288.39;7;614632;120;20;25;60;1;600000
2023-8-12;20:53:11;cq;20201126;2939.5;31.5;21592.7;20332.1;916.85;52.2874;0;133;946.878;2669.3;7;613643;120;20;25;60;1;600000
2023-8-12;20:53:12;cq;20201026;1839.5;0;13814.4;13072.7;70.2778;36.8133;6;115;2634.06;604.174;8;617583;120;20;25;60;1;600000
2023-8-12;20:53:13;cq;20201102;3078.5;0;23301.5;22334.4;262.022;34.7233;0;132;452.156;3148.78;8;617831;120;20;25;60;1;600000
2023-8-12;20:53:13;cq;20201118;3541;;21660;20182;241.155;44.5117;0;139;1146.31;3322.4;8;617542;120;20;25;60;1;600000
2023-8-12;20:53:14;cq;20201121;226.5;0;1243.55;958.349;0;0;0;13;8.62786;0;1;619135;120;20;25;60;1;600000
2023-8-12;20:53:15;cq;20201116;2939.5;0;22281.8;20554.5;713.306;59.706;0;137;1121.89;3175.24;7;683782;120;20;25;60;1;600000
2023-8-12;20:53:19;cq;20201106;3301.5;49;20744.1;19446.2;1038.41;54.4367;0;140;1833.18;2121.77;8;621753;120;20;25;60;1;600000
2023-8-12;20:53:20;cq;20201110;3471;28.5;21702.3;19871.6;779.14;52.8133;0;141;1631.14;4616.53;8;689726;120;20;25;60;1;600000
2023-8-12;20:53:21;cq;20201021;1160.5;0;5900;5369.74;8.48;8.48;17;70;3135.22;823.748;6;626353;120;20;25;60;1;600000
2023-8-12;20:53:21;cq;20201125;2425;0;18876.5;17487.4;405.593;42.975;0;136;2185.82;1260.26;7;626498;120;20;25;60;1;600000
2023-8-12;20:53:24;cq;20201104;3935.5;18;26055.6;24506.2;1100.73;58.0713;0;148;843.379;3661.39;8;630631;120;20;25;60;1;600000
2023-8-12;20:53:26;cq;20201112;3684.5;0;24975.3;23641.6;522.464;49.7067;0;142;550.403;3842.26;8;631870;120;20;25;60;1;600000
2023-8-12;20:53:27;cq;20201014;3471;;21592.9;20462;454.082;50.8239;0;137;349.46;3202.41;8;697851;120;20;25;60;1;600000
2023-8-12;20:53:29;cq;20201002;2893.5;0;18420.4;17239.9;164.028;41.7864;0;131;771.605;2181.05;8;633759;120;20;25;60;1;600000
2023-8-12;20:53:29;cq;20201014;3471;;23659.9;22588.7;490.376;44.854;0;137;239.056;5105.3;8;633283;120;20;25;60;1;600000
2023-8-12;20:53:30;cq;20201016;2060;0;12216.1;11490.1;99.1496;25.92;0;114;2336.38;1503.91;8;635663;120;20;25;60;1;600000
2023-8-12;20:53:33;cq;20201130;2327.5;0;15172.1;13702.3;54.0051;11.4367;0;117;1613.24;1741.76;6;638795;120;20;25;60;1;600000
2023-8-12;20:53:36;cq;20201030;3513;0;22384.5;20554.3;792.715;54.065;0;149;1286.59;2089.87;8;639832;120;20;25;60;1;600000
2023-8-12;20:53:39;cq;20201124;2685.5;0;16797.2;15139.4;194.453;54.4583;0;128;1367.08;2385.52;8;643707;120;20;25;60;1;600000
2023-8-12;20:53:41;cq;20201009;3229;0;18778.7;17307.3;358.372;45.6751;;128;1764.23;3294.8;8;645813;120;20;25;60;1;600000
2023-8-12;20:53:43;cq;20201029;3946.5;0;26411.9;24498.6;807.031;57.1049;0;150;515.334;5228.01;8;648163;120;20;25;60;1;600000
2023-8-12;20:53:45;cq;20201113;3670.5;0;23115.1;21750.5;782.271;58.7196;0;144;1511.9;2703.41;8;650561;120;20;25;60;1;600000
2023-8-12;20:53:47;cq;20201020;2641;32;17376.3;16687.1;447.71;59.7783;0;128;2647.4;2311.97;8;651788;120;20;25;60;1;600000
2023-8-12;20:53:47;cq;20201113;3670.5;0;24715.4;23392.1;642.185;50.9583;0;144;429.108;3930.24;8;651215;120;20;25;60;1;600000
2023-8-12;20:53:51;cq;20201104;3935.5;18;27230.1;25584.1;968.896;54.5293;0;148;244.49;2634.7;8;655363;120;20;25;60;1;600000
2023-8-12;20:53:55;cq;20201120;3401.5;0;23311.6;21258.2;1101.66;56.5271;;140;637.06;2761.64;8;657657;120;20;25;60;1;600000
2023-8-12;20:53:57;cq;20201024;937.5;0;4273.58;3975.67;0;0;0;35;91.3067;1717.85;3;662800;120;20;25;60;1;600000
2023-8-12;20:54:4;cq;20201006;3721;18.5;25571.2;24205.4;1014.17;59.755;0;137;429.041;5320.86;8;665742;120;20;25;60;1;600000
2023-8-12;20:54:5;cq;20201118;3504;37;21801.8;20224.2;830.312;57.8877;0;139;744.548;1943.15;8;670910;120;20;25;60;1;600000
2023-8-12;20:54:5;cq;20201029;3946.5;0;25730.5;23900.4;767.644;58.2443;0;150;642.111;4392.58;8;670511;120;20;25;60;1;600000
2023-8-12;20:54:7;cq;20201006;3739.5;0;24999.4;23520.5;913.105;58.0483;0;137;780.171;5366.05;8;666701;120;20;25;60;1;600000
2023-8-12;20:54:10;cq;20201112;3684.5;0;22491.4;21053.4;428.344;54.6175;0;142;702.17;4399.05;8;675339;120;20;25;60;1;600000
2023-8-12;20:54:15;cq;20201003;613.5;0;3727.63;3695.88;36.6583;17.2483;0;29;81.8483;827.483;3;677673;120;20;25;60;1;600000
2023-8-12;20:54:28;cq;20201116;2939.5;0;23905.4;22391.4;913.473;59.7367;0;137;994.622;3392.47;7;682654;120;20;25;60;1;600000
2023-8-12;20:54:31;cq;20201024;937.5;0;4232.26;3932.41;;0;0;35;295.168;1495.28;3;941094;120;20;25;60;1;600000
2023-8-12;20:55:35;cq;20201111;3437.5;0;24797.1;23234.9;281.606;34.0767;0;143;1703.24;4343;8;758021;120;20;25;60;1;600000
2023-8-12;21:12:58;cq;20201114;388;0;1782.89;1452.46;0;0;0;19;187.639;202.1;2;1804467;120;20;25;60;1;1800000
2023-8-12;21:13:0;cq;20201124;2685.5;0;17221.7;15454.2;257.271;47.4867;0;128;1694.93;2525.63;8;1805961;120;20;25;60;1;1800000
2023-8-12;21:13:1;cq;20201007;2512.5;0;17285.3;16138.6;8.66167;3.90667;17;125;1187.61;1534.71;8;1806499;120;20;25;60;1;1800000
2023-8-12;21:13:1;cq;20201109;1746.5;0;14762.4;13724.6;26.4226;12.3967;0;93;1554.59;2110.56;7;1806025;120;20;25;60;1;1800000
2023-8-12;21:13:1;cq;20201128;776;0;2320.87;1702.32;0;0;0;30;748.328;605.602;3;1807306;120;20;25;60;1;1800000
2023-8-12;21:13:3;cq;20201021;1160.5;0;5823.12;5286.17;10.6917;8.36833;6;70;3418.77;532.349;6;1807543;120;20;25;60;1;1800000
2023-8-12;21:13:3;cq;20201003;613.5;0;3888.04;3845.13;11.41;11.41;;29;76.6367;769.09;3;1807795;120;20;25;60;1;1800000
2023-8-12;21:13:4;cq;20201007;2512.5;0;15379.8;14248.8;14.7506;10.035;6;125;1882.59;2250.77;8;1807748;120;20;25;60;1;1800000
2023-8-12;21:13:4;cq;20201021;1160.5;0;6488.6;6019.17;1;1;10;69;2470.42;240.307;6;1809010;120;20;25;60;1;1800000
2023-8-12;21:13:4;cq;20201006;3739.5;0;24767.3;23398.4;987.695;59.755;0;137;1043.96;6005.02;8;1810199;120;20;25;60;1;1800000
2023-8-12;21:13:5;cq;20201013;1565;0;9562.68;9066.35;29.0127;13.0367;0;88;4929.16;652.023;8;1808925;120;20;25;60;1;1800000
2023-8-12;21:13:5;cq;20201107;333.5;0;775.107;486.699;0;0;0;18;203.602;0;2;1808486;120;20;25;60;1;1800000
2023-8-12;21:13:6;cq;20201013;1565;0;10226.8;9643.75;26.5444;13.0367;0;96;2971.32;363.91;8;1810992;120;20;25;60;1;1800000
2023-8-12;21:13:8;cq;20201031;375;0;1015.38;703.456;0;0;12;15;243.116;309.782;2;1811584;120;20;25;60;1;1800000
2023-8-12;21:13:9;cq;20201102;3078.5;0;23648.2;22633.2;134.147;17.8967;0;132;459.68;3913.94;8;1815520;120;20;25;60;1;1800000
2023-8-12;21:13:10;cq;20201016;2060;0;13155.1;12375.6;107.125;21.8217;24;107;3106.2;814.234;8;1813017;120;20;25;60;1;1800000
2023-8-12;21:13:10;cq;20201014;3471;;23169.2;21989.2;355.822;21.6422;0;137;467.757;4753.1;8;1815327;120;20;25;60;1;1800000
2023-8-12;21:13:10;cq;20201113;3670.5;0;25367.1;24080.7;576.713;56.4583;0;144;406.317;2968.07;8;1816440;120;20;25;60;1;1800000
2023-8-12;21:13:11;cq;20201121;226.5;0;1243.55;958.349;0;0;0;13;14.7012;0;1;1816959;120;20;25;60;1;1800000
2023-8-12;21:13:11;cq;20201125;2425;0;19583;18276;380.51;58.0617;0;134;1595.01;1479.56;7;1816397;120;20;25;60;1;1800000
2023-8-12;21:13:12;cq;20201111;3437.5;0;26184.2;24655;320.912;37.985;0;143;865.315;3424.62;8;1817374;120;20;25;60;1;1800000
2023-8-12;21:13:12;cq;20201114;388;0;1734.03;1401.3;0;0;4;18;409.094;337.486;2;1816880;120;20;25;60;1;1800000
2023-8-12;21:13:14;cq;20201031;375;0;1015.38;703.456;0;0;0;15;176.682;210.377;2;1820372;120;20;25;60;1;1800000
2023-8-12;21:13:15;cq;20201121;226.5;0;1243.55;958.349;0;0;0;13;0;0;1;1819059;120;20;25;60;1;1800000
2023-8-12;21:13:17;cq;20201130;2327.5;0;15744.1;14122.9;184.819;35;0;116;1434.5;504.629;6;1820414;120;20;25;60;1;1800000
2023-8-12;21:13:19;cq;20201030;3513;0;22882.8;21181.4;797.608;59.365;0;149;1123.3;2502.23;8;1823185;120;20;25;60;1;1800000
2023-8-12;21:13:20;cq;20201126;2962;9;22246.1;20904.3;978.231;59.5467;0;133;889.666;2364.93;7;1824843;120;20;25;60;1;1800000
2023-8-12;21:13:20;cq;20201026;1839.5;0;13811;13079.5;36.6239;12.2889;0;114;2729.33;1026.33;8;1825911;120;20;25;60;1;1800000
2023-8-12;21:13:20;cq;20201106;3326.5;24;21630.2;20267.3;1432.81;56.6361;;141;1526.15;1860.09;8;1825163;120;20;25;60;1;1800000
2023-8-12;21:13:20;cq;20201130;2327.5;0;14745;13224.2;83.8967;31.1727;0;117;2126.79;1753.66;6;1820192;120;20;25;60;1;1800000
2023-8-12;21:13:20;cq;20201009;3229;0;19965.9;18469.9;223.783;51.7333;0;129;888.225;4606.43;8;1825895;120;20;25;60;1;1800000
2023-8-12;21:13:21;cq;20201010;267;0;745.097;523.463;0;0;0;13;0;0;1;1827538;120;20;25;60;1;1800000
2023-8-12;21:13:21;cq;20201104;3953.5;0;26173.4;24697.3;1298.3;58.1533;0;148;824.65;4559.63;8;1825322;120;20;25;60;1;1800000
2023-8-12;21:13:22;cq;20201118;3541;;21215.9;19743.1;707.411;55.5044;0;139;815.034;2458.69;8;1827914;120;20;25;60;1;1800000
2023-8-12;21:13:22;cq;20201120;3401.5;0;23659.9;21589.4;1162.67;57.7317;0;140;571.875;2772;8;1826926;120;20;25;60;1;1800000
2023-8-12;21:13:23;cq;20201116;2939.5;0;24020.5;22404.8;572.546;53.7;0;137;735.451;3140.4;7;1826008;120;20;25;60;1;1800000
2023-8-12;21:13:23;cq;20201003;613.5;0;3563.04;3573.17;15.8583;12.41;;29;251.502;504.202;3;1828831;120;20;25;60;1;1800000
2023-8-12;21:13:25;cq;20201102;3078.5;0;23319.3;22405.6;134.178;54.4367;0;131;626.568;3520.72;8;1824154;120;20;25;60;1;1800000
2023-8-12;21:13:25;cq;20201010;267;0;745.097;523.463;0;0;0;13;0;0;1;1820201;120;20;25;60;1;1800000
2023-8-12;21:13:25;cq;20201116;2939.5;0;23907.1;22286.7;701.06;59.4283;0;137;1006.24;3185.82;7;1831006;120;20;25;60;1;1800000
2023-8-12;21:13:25;cq;20201026;1839.5;0;13956.8;13199;48.0282;33.1827;0;113;2125.71;636.864;8;1827860;120;20;25;60;1;1800000
2023-8-12;21:13:26;cq;20201109;1746.5;0;14911.8;13964;32.5943;13.5915;0;92;1153.05;2005.41;7;1829946;120;20;25;60;1;1800000
2023-8-12;21:13:27;cq;20201006;3739.5;0;25784.9;24357.9;457.69;58.3183;0;137;564.327;5122.69;8;1830856;120;20;25;60;1;1800000
2023-8-12;21:13:30;cq;20201002;2893.5;0;18498.7;17306.8;212.856;43.9279;0;130;1193.02;2065.83;8;1835772;120;20;25;60;1;1800000
2023-8-12;21:13:31;cq;20201123;2595;0;19363.9;18052.7;321.666;58.7017;0;128;1090.1;2792.62;7;1824074;120;20;25;60;1;1800000
2023-8-12;21:13:31;cq;20201107;333.5;0;785.605;490.871;;0;0;18;302.131;;2;1826710;120;20;25;60;1;1800000
2023-8-12;21:13:31;cq;20201124;2685.5;0;18755.3;16965.6;280.319;51.7917;0;127;1193.46;3864.4;8;1835996;120;20;25;60;1;1800000
2023-8-12;21:13:33;cq;20201110;3499.5;0;22889;21053.5;866.977;57.5467;0;142;760.462;4389.96;8;1838284;120;20;25;60;1;1800000
2023-8-12;21:13:34;cq;20201111;3437.5;0;24126.5;22506.9;225.468;32.5383;0;143;1289.24;3781.27;8;1839231;120;20;25;60;1;1800000
2023-8-12;21:13:36;cq;20201016;2060;0;12412.4;11606.4;114.985;19.7233;0;109;2802.45;950.308;8;1839669;120;20;25;60;1;1800000
2023-8-12;21:13:37;cq;20201128;776;0;2353.21;1745.45;0;0;0;29;764.377;579.633;3;1834744;120;20;25;60;1;1800000
2023-8-12;21:13:37;cq;20201020;2673;0;18504.2;17891.5;159.175;47.2917;0;130;1908.65;1953.14;8;1841431;120;20;25;60;1;1800000
2023-8-12;21:13:38;cq;20201014;3471;;24696.7;23589.1;258.144;54.7067;0;136;524.953;3801.22;8;1843492;120;20;25;60;1;1800000
2023-8-12;21:13:38;cq;20201002;2893.5;0;17667.3;16438.7;152.052;48.8533;0;131;1063;1404.36;8;1843340;120;20;25;60;1;1800000
2023-8-12;21:13:39;cq;20201110;3480.5;19;21335.4;19553.1;833.695;55.3524;0;142;1919.21;3578.51;8;1845020;120;20;25;60;1;1800000
2023-8-12;21:13:41;cq;20201106;3350.5;0;21208.3;19708.2;1137.8;59.575;0;140;1275.72;1672.47;8;1846687;120;20;25;60;1;1800000
2023-8-12;21:13:43;cq;20201120;3401.5;0;23782;21942.5;986.237;59.9883;0;140;710.971;3000.44;8;1849118;120;20;25;60;1;1800000
2023-8-12;21:13:47;cq;20201020;2673;0;16232;15619.1;338.541;50.2133;0;133;3586.63;1684.91;8;1851738;120;20;25;60;1;1800000
2023-8-12;21:13:49;cq;20201009;3229;0;19487.2;17930.3;216.387;37.4583;0;129;1479.78;3198.59;8;1855102;120;20;25;60;1;1800000
2023-8-12;21:13:50;cq;20201125;2425;0;18187.9;16860.1;509.309;51.2433;0;136;2576.52;1804.39;7;1854502;120;20;25;60;1;1800000
2023-8-12;21:13:51;cq;20201118;3541;;21690.5;20214.4;498.429;48.7171;;138;679.268;3371.2;8;1856537;120;20;25;60;1;1800000
2023-8-12;21:13:56;cq;20201112;3684.5;0;25200.3;23804;265.238;43.3406;0;142;305.485;4379.2;8;1860912;120;20;25;60;1;1800000
2023-8-12;21:14:1;cq;20201126;2923;48;22513.4;21096.1;1165.66;59.6467;0;133;868.189;2219.23;7;1867117;120;20;25;60;1;1800000
2023-8-12;21:14:3;cq;20201029;3946.5;0;26230.5;24251.6;656.23;57.1049;0;150;659.479;5122.61;8;1867672;120;20;25;60;1;1800000
2023-8-12;21:14:7;cq;20201024;937.5;0;4159.68;3759.18;0;0;4;34;283.04;866.977;3;1872703;120;20;25;60;1;1800000
2023-8-12;21:14:15;cq;20201029;3946.5;0;24274;22409.4;779.468;57.1049;0;150;1299.88;3898.63;8;1880562;120;20;25;60;1;1800000
2023-8-12;21:14:15;cq;20201123;2595;0;20730.8;19338.2;748.095;58.0217;0;127;713.283;3106.77;7;1868907;120;20;25;60;1;1800000
2023-8-12;21:14:16;cq;20201112;3684.5;0;24348.9;22945.9;313.767;25.7617;0;141;444.685;3571.61;8;1879578;120;20;25;60;1;1800000
2023-8-12;21:14:26;cq;20201104;3933.5;20;26910.3;25242.9;1426.33;59.0161;;148;429.862;2968.06;8;1891579;120;20;25;60;1;1800000
2023-8-12;21:14:34;cq;20201030;3513;0;20898.5;19138;890.56;59.6683;0;149;2778.27;2904.72;8;1900058;120;20;25;60;1;1800000
2023-8-12;21:14:45;cq;20201113;3670.5;0;25150.3;23683.8;899.907;54.1317;0;144;541.021;3520.15;8;1910130;120;20;25;60;1;1800000
2023-8-12;21:15:54;cq;20201024;937.5;0;4289.01;3870.95;0;0;0;34;265.35;854.691;3;1979474;120;20;25;60;1;1800000
2023-8-12;21:42:59;cq;20201021;1160.5;0;6755.54;6299.46;6.21934;3.21222;0;70;2485.02;475.854;6;3604121;120;20;25;60;1;3600000
2023-8-12;21:43:0;cq;20201114;388;0;1775.1;1440.71;;0;0;19;247.815;0;2;3603322;120;20;25;60;1;3600000
2023-8-12;21:43:2;cq;20201006;3739.5;0;24361.2;22915.3;785.321;52.8867;0;137;1456.46;5102.66;8;3606892;120;20;25;60;1;3600000
2023-8-12;21:43:3;cq;20201124;2685.5;0;17192.9;15506.1;171.431;52.3333;0;126;1654.12;2530.4;8;3608295;120;20;25;60;1;3600000
2023-8-12;21:43:3;cq;20201020;2673;0;16743.1;16102.1;140.848;50.2133;0;129;3828.76;1706.93;8;3606017;120;20;25;60;1;3600000
2023-8-12;21:43:5;cq;20201121;226.5;0;1243.55;958.349;0;0;0;13;96.0052;0;1;3608379;120;20;25;60;1;3600000
2023-8-12;21:43:5;cq;20201130;2327.5;0;15354.8;13830.5;137.791;37.3733;0;115;1794.28;1556.63;6;3607835;120;20;25;60;1;3600000
2023-8-12;21:43:5;cq;20201010;267;0;745.097;523.463;0;0;0;13;0;0;1;3606982;120;20;25;60;1;3600000
2023-8-12;21:43:5;cq;20201026;1839.5;0;14001.3;13294.9;38.585;33.1827;0;116;2891.75;679.219;8;3609348;120;20;25;60;1;3600000
2023-8-12;21:43:6;cq;20201109;1746.5;0;14338.4;13264.5;28.917;11.1727;0;94;1329.03;1546.42;7;3611098;120;20;25;60;1;3600000
2023-8-12;21:43:7;cq;20201114;388;0;1714.8;1386.54;0;0;11;19;174.193;79.031;2;3612204;120;20;25;60;1;3600000
2023-8-12;21:43:9;cq;20201003;613.5;0;3808.76;3786.98;12.41;12.41;;29;162.415;239.346;3;3614370;120;20;25;60;1;3600000
2023-8-12;21:43:10;cq;20201130;2327.5;0;15283.8;13678.3;120.178;29.8322;2;117;1192.09;1712.21;6;3615120;120;20;25;60;1;3600000
2023-8-12;21:43:10;cq;20201007;2512.5;0;14875.6;13684.7;2.615;2.52333;14;127;1976.42;941.099;8;3613808;120;20;25;60;1;3600000
2023-8-12;21:43:11;cq;20201030;3513;0;21201.3;19444.9;861.164;52.744;0;149;1777.59;2532.89;8;3614184;120;20;25;60;1;3600000
2023-8-12;21:43:12;cq;20201128;776;0;2294.41;1681.86;0;0;0;30;576.37;599.958;3;3617053;120;20;25;60;1;3600000
2023-8-12;21:43:12;cq;20201010;267;0;745.097;523.463;0;0;0;13;0;0;1;3615713;120;20;25;60;1;3600000
2023-8-12;21:43:13;cq;20201016;2060;0;12747.7;12015.5;59.8353;13.3269;0;108;2909.83;1054.29;8;3615964;120;20;25;60;1;3600000
2023-8-12;21:43:13;cq;20201118;3541;;22379.2;20864.7;661.156;57.5958;0;139;940.232;3173.21;8;3612619;120;20;25;60;1;3600000
2023-8-12;21:43:14;cq;20201016;2060;0;12712.1;11971;85.4741;20.92;19;104;3661.94;1410.38;8;3619128;120;20;25;60;1;3600000
2023-8-12;21:43:15;cq;20201007;2512.5;0;15467.8;14259.8;2.86167;2;0;126;1482.95;1146.79;8;3617572;120;20;25;60;1;3600000
2023-8-12;21:43:15;cq;20201121;226.5;0;1243.55;958.349;0;0;0;13;93.6129;0;1;3620750;120;20;25;60;1;3600000
2023-8-12;21:43:15;cq;20201109;1746.5;0;15115.1;13955;35.1868;7.65167;13;93;1028.25;1240.05;7;3620861;120;20;25;60;1;3600000
2023-8-12;21:43:16;cq;20201123;2595;0;19232.2;17837.7;201.831;47.4217;0;128;1078.8;2628.35;7;3618719;120;20;25;60;1;3600000
2023-8-12;21:43:17;cq;20201009;3229;0;21598.1;20156.5;201.01;27.6867;0;129;473.189;3348.37;8;3620391;120;20;25;60;1;3600000
2023-8-12;21:43:17;cq;20201102;3078.5;0;23594.4;22642.2;145.144;13.59;0;132;521.349;3932.56;8;3622407;120;20;25;60;1;3600000
2023-8-12;21:43:22;cq;20201125;2425;0;18904.9;17669.7;190.674;50.3198;0;136;2391.11;2103.63;7;3625252;120;20;25;60;1;3600000
2023-8-12;21:43:23;cq;20201014;3471;;22440.5;21204.9;286.089;30.8233;0;137;481.164;3302.01;8;3624798;120;20;25;60;1;3600000
2023-8-12;21:43:24;cq;20201026;1839.5;0;13333.6;12491.4;36.3783;14.0633;0;116;2350.78;844.038;8;3629430;120;20;25;60;1;3600000
2023-8-12;21:43:26;cq;20201107;333.5;0;753.263;471.468;0;0;0;18;126.024;0;2;3619417;120;20;25;60;1;3600000
2023-8-12;21:43:27;cq;20201021;1160.5;0;5978.48;5493.89;2.705;2.705;44;71;2869.7;422.733;6;3632362;120;20;25;60;1;3600000
2023-8-12;21:43:29;cq;20201120;3401.5;0;23089.4;21087.8;1093.14;55.0617;0;140;1320.5;3275.79;8;3634020;120;20;25;60;1;3600000
2023-8-12;21:43:29;cq;20201126;2939.5;31.5;22269.5;21010.1;1075.93;59.865;0;133;952.868;2482.67;7;3634832;120;20;25;60;1;3600000
2023-8-12;21:43:30;cq;20201013;1565;0;10120.2;9514.45;18.5722;13.0367;3;98;3382.95;156.533;8;3635053;120;20;25;60;1;3600000
2023-8-12;21:43:31;cq;20201112;3684.5;0;23597;22198.7;201.083;21.4317;0;142;1023.52;3673.35;8;3635237;120;20;25;60;1;3600000
2023-8-12;21:43:32;cq;20201123;2595;0;19126.7;17807.4;267.602;57.1717;0;128;1363.55;2686.85;7;3636009;120;20;25;60;1;3600000
2023-8-12;21:43:33;cq;20201125;2425;0;18231.3;16908.2;251.623;56.6898;0;136;1970.54;1801.13;7;3636226;120;20;25;60;1;3600000
2023-8-12;21:43:33;cq;20201020;2673;0;17533.1;16953.7;140.334;34.3098;0;130;3416.33;2682.58;8;3637026;120;20;25;60;1;3600000
2023-8-12;21:43:35;cq;20201003;613.5;0;3711.64;3708.68;15.7117;12.41;4;29;211.227;647.315;3;3625934;120;20;25;60;1;3600000
2023-8-12;21:43:36;cq;20201002;2893.5;0;18048.9;16787.5;209.872;59.2436;0;131;1505.95;1400.03;8;3641988;120;20;25;60;1;3600000
2023-8-12;21:43:36;cq;20201013;1565;0;9207.85;8623.51;18.01;14;0;93;5345.49;619.745;8;3641426;120;20;25;60;1;3600000
2023-8-12;21:43:42;cq;20201110;3493.5;6;23090.4;21364.1;836.923;58.6217;0;142;547.187;4185.88;8;3646930;120;20;25;60;1;3600000
2023-8-12;21:43:44;cq;20201107;333.5;0;753.263;471.468;0;0;0;18;140.657;0;2;3639978;120;20;25;60;1;3600000
2023-8-12;21:43:48;cq;20201113;3670.5;0;23933.4;22632.1;697.7;54.14;0;144;1394.02;3159.68;8;3650426;120;20;25;60;1;3600000
2023-8-12;21:43:48;cq;20201029;3946.5;0;25863.7;24005.2;605.601;57.1049;0;150;369.099;5745.77;8;3652988;120;20;25;60;1;3600000
2023-8-12;21:43:49;cq;20201116;2939.5;0;22475.7;20796.3;645.484;58.5383;0;137;1139.7;2706.13;7;3654432;120;20;25;60;1;3600000
2023-8-12;21:43:51;cq;20201104;3953.5;0;25141.2;23565.7;1085.16;58.495;0;148;676.282;3281.76;8;3656124;120;20;25;60;1;3600000
2023-8-12;21:43:52;cq;20201102;3078.5;0;24297.2;23327.9;228.668;41.2367;0;131;640.065;3073.96;8;3641592;120;20;25;60;1;3600000
2023-8-12;21:43:57;cq;20201031;375;0;1016.51;704.028;0;0;0;15;213.314;237.84;2;3662996;120;20;25;60;1;3600000
2023-8-12;21:43:58;cq;20201031;375;0;1016.51;704.028;0;0;0;15;234.613;168.945;2;3606315;120;20;25;60;1;3600000
2023-8-12;21:44:3;cq;20201118;3541;;23465.8;21905.4;546.983;59.2393;0;139;190.069;2881.63;8;3611118;120;20;25;60;1;3600000
2023-8-12;21:44:5;cq;20201106;3350.5;0;21755;20452.5;1082.2;53.2401;;141;1623.68;2488.85;8;3670337;120;20;25;60;1;3600000
2023-8-12;21:44:8;cq;20201126;2939.5;31.5;22571.1;21376.8;1268.78;59.8814;0;133;955.724;2005.33;7;3657497;120;20;25;60;1;3600000
2023-8-12;21:44:13;cq;20201111;3437.5;0;24636.7;23023.4;277.116;26.48;0;143;1241.2;4045.85;8;3674964;120;20;25;60;1;3600000
2023-8-12;21:44:15;cq;20201116;2939.5;0;22125.4;20392;502.426;53.7;0;137;1085.96;2979.51;7;3664995;120;20;25;60;1;3600000
2023-8-12;21:44:18;cq;20201111;3437.5;0;24835.7;23195.6;193.888;41.185;0;143;1541.75;4405.61;8;3626547;120;20;25;60;1;3600000
2023-8-12;21:44:20;cq;20201014;3471;;23286.9;22182.3;429.309;31.7867;0;137;235.933;4546.28;8;3628691;120;20;25;60;1;3600000
2023-8-12;21:44:38;cq;20201128;776;0;2338.71;1732.36;0;0;0;29;770.778;747.747;3;3688431;120;20;25;60;1;3600000
2023-8-12;21:44:42;cq;20201113;3670.5;0;25833.5;24351.6;758.236;59.0217;0;144;387.685;3820.67;8;3649979;120;20;25;60;1;3600000
2023-8-12;21:44:46;cq;20201030;3513;0;20846;19139.2;555.96;55.6983;0;148;2151.87;3001.7;8;3654298;120;20;25;60;1;3600000
2023-8-12;21:44:53;cq;20201002;2893.5;0;19055.1;17731;322.329;59.2436;0;130;1192.57;2147.07;8;3703059;120;20;25;60;1;3600000
2023-8-12;21:44:54;cq;20201104;3937;16.5;24973.8;23515.3;949.468;59.7759;0;148;1098.43;3661.95;8;3621379;120;20;25;60;1;3600000
2023-8-12;21:44:57;cq;20201009;3229;0;19469;17955.9;364.062;56.0117;0;128;1091.75;4746.04;8;3706244;120;20;25;60;1;3600000
2023-8-12;21:44:58;cq;20201110;3499.5;0;23728.7;22072.3;961.896;59.4817;0;142;737.322;3997.34;8;3665806;120;20;25;60;1;3600000
2023-8-12;21:45:4;cq;20201112;3684.5;0;22846.6;21375;151.919;30.1183;0;142;898.951;3854.6;8;3637741;120;20;25;60;1;3600000
2023-8-12;21:45:7;cq;20201006;3739.5;0;24604.1;23024.6;487.156;45.2917;0;137;972.782;5005.25;8;3643902;120;20;25;60;1;3600000
2023-8-12;21:45:12;cq;20201024;937.5;0;4216.13;3914.41;;0;0;35;234.516;1405.43;3;3722711;120;20;25;60;1;3600000
2023-8-12;21:45:25;cq;20201120;3401.5;0;24006.5;22040;1083.21;55.4383;0;140;708.436;3134.42;8;3693732;120;20;25;60;1;3600000
2023-8-12;21:45:42;cq;20201106;3350.5;0;21794.9;20432.7;1393.22;54.4945;0;141;1428.36;3057.21;8;3751881;120;20;25;60;1;3600000
2023-8-12;21:45:44;cq;20201029;3946.5;0;24834;22943.9;455.179;57.1049;0;150;1171.56;4606.33;8;3680376;120;20;25;60;1;3600000
2023-8-12;21:46:19;cq;20201124;2685.5;0;17749.5;15985.9;559.471;52.2367;0;128;1036.39;2629.99;8;3788777;120;20;25;60;1;3600000
2023-8-12;21:46:34;cq;20201024;937.5;0;4142.56;3829.42;0;0;0;35;147.036;1686.21;3;3764407;120;20;25;60;1;3600000
